_2014_score,borough,_2010_score,block,_2014_ghg_emissions_intensity_kgco2e_ft,lot,bin,_2010_ghg_emissions_intensity_kgco2e_ft
97,1.0,Not Available,1044.0,2.5,22.0,1025397.0,Not Available
Not Available,1.0,Not Available,16.0,4.8,7516.0,1087518.0,4.7
61,3.0,64,880.0,5.8,1.0,3331276.0,5.3
Not Available,1.0,Not Available,1983.0,5.7,3.0,1059720.0,4.8
Not Available,2.0,Not Available,4336.0,12.8,1.0,2115623.0,3.7
55,3.0,62,8188.0,4.6,1.0,3229773.0,4.1
Not Available,4.0,Not Available,24.0,5.2,7.0,4000025.0,2.1
95,3.0,85,4327.0,3.3,24.0,3097429.0,3.9
68,2.0,59,3024.0,4.7,21.0,2011054.0,4.6
Not Available,1.0,Not Available,1957.0,5.5,1.0,1813294.0,7.6
Not Available,2.0,Not Available,2605.0,15.7,40.0,2109479.0,12.7
38,1.0,53,1830.0,7,19.0,1055204.0,6.4
73,2.0,74,3652.0,4.2,1.0,2097341.0,3.6
Not Available,4.0,Not Available,5107.0,8.2,200.0,4439683.0,6.8
87,2.0,72,2672.0,4.4,1.0,2004869.0,5.9
60,3.0,2,1188.0,6,1.0,3378160.0,12.7
6,2.0,Not Available,3356.0,8.8,36.0,2115241.0,Not Available
52,1.0,56,154.0,7,23.0,1078613.0,7.2
72,3.0,8,3949.0,4.6,18.0,3087821.0,7.8
86,3.0,88,1743.0,4.5,18.0,3048517.0,3.9
Not Available,3.0,Not Available,1183.0,5.1,2.0,3029665.0,5.5
Not Available,2.0,Not Available,3272.0,12.8,1.0,2113012.0,3.7
82,1.0,64,872.0,5.6,13.0,1017821.0,7.2
74,4.0,94,6726.0,4.4,70.0,4146042.0,2.8
45,2.0,59,4986.0,7.4,81.0,2067852.0,6
48,4.0,91,3782.0,5.2,27.0,4091737.0,3.3
93,2.0,87,2897.0,3.7,5.0,2009400.0,4.4
Not Available,2.0,Not Available,3126.0,7.2,12.0,2013192.0,6.8
95,5.0,89,6613.0,5,1.0,5082634.0,4.5
84,4.0,56,10144.0,5.7,42.0,4216099.0,6.6
64,2.0,75,5918.0,5.1,376.0,2085870.0,6.3
55,2.0,35,3114.0,4.5,52.0,2013047.0,4.7
70,3.0,53,8034.0,5.1,1.0,3225637.0,5.4
Not Available,2.0,Not Available,2350.0,7.5,24.0,2001088.0,5.6
39,1.0,43,2118.0,6.5,22.0,1062792.0,5.5
84,4.0,86,11673.0,5.3,1.0,4252357.0,5
Not Available,4.0,Not Available,16127.0,5.6,1.0,4439014.0,5.5
80,1.0,81,356.0,3.4,100.0,1004349.0,3.3
91,4.0,94,11049.0,4.5,1.0,4238003.0,3.6
71,4.0,60,16112.0,5.5,1.0,4303354.0,6
50,5.0,61,7894.0,6.5,1.0,5088090.0,5.8
95,2.0,82,2215.0,5.4,80.0,1064532.0,5.5
85,3.0,91,1845.0,4.8,1.0,3053075.0,3.8
Not Available,3.0,Not Available,1894.0,5.7,38.0,3054607.0,8.5
Not Available,4.0,Not Available,10917.0,4.9,29.0,4233644.0,5
100,3.0,94,2759.0,2.7,1.0,3068728.0,3.9
Not Available,2.0,Not Available,2722.0,7.2,63.0,2005755.0,7.3
Not Available,3.0,52,1548.0,0,19.0,3042090.0,4.4
Not Available,4.0,Not Available,10104.0,9.2,43.0,4215630.0,0.9
Not Available,2.0,Not Available,3189.0,0.4,9.0,2014125.0,0.4
46,2.0,28,3081.0,5.4,26.0,2012359.0,6
Not Available,1.0,Not Available,1060.0,6.6,63.0,1026706.0,6.3
Not Available,3.0,Not Available,8760.0,10.2,60.0,3347724.0,10.4
83,4.0,66,1423.0,3.5,1.0,4034891.0,3.5
Not Available,3.0,Not Available,86.0,5.2,7501.0,3000176.0,4.9
Not Available,1.0,Not Available,1111.0,68,1.0,1083839.0,70.4
90,5.0,81,3696.0,3.2,100.0,5053571.0,3
10,3.0,12,2525.0,18.3,1.0,3398215.0,31
Not Available,3.0,Not Available,3691.0,10.9,1.0,3083579.0,Not Available
Not Available,3.0,Not Available,3023.0,3.2,32.0,3070819.0,3.6
Not Available,2.0,Not Available,4651.0,3.4,44.0,2057523.0,4
Not Available,3.0,Not Available,3343.0,13,29.0,3076461.0,8.7
Not Available,2.0,Not Available,2605.0,16.5,40.0,0.0,12.7
76,4.0,90,12261.0,6.9,1.0,4265978.0,5.2
Not Available,3.0,Not Available,175.0,20.5,1.0,3000605.0,15.4
93,3.0,92,1868.0,4.7,28.0,3323075.0,4.8
Not Available,3.0,Not Available,8760.0,10.2,60.0,3226937.0,10.4
43,3.0,73,1235.0,6.4,37.0,3031296.0,4.7
Not Available,3.0,Not Available,3106.0,7.3,20.0,3071521.0,3.5
Not Available,1.0,Not Available,2071.0,10.9,27.0,1075504.0,1.3
86,1.0,88,2215.0,3.2,831.0,1064704.0,2.8
89,4.0,90,3437.0,3.7,1.0,4082076.0,3.4
93,4.0,38,1985.0,3.4,1.0,4048820.0,4
82,1.0,87,1971.0,5.4,1.0,1059645.0,4.1
Not Available,3.0,Not Available,8760.0,10.2,60.0,3348024.0,10.4
16,4.0,Not Available,2803.0,5.9,1.0,4062864.0,Not Available
87,2.0,75,2578.0,5.6,27.0,2003910.0,5.2
Not Available,1.0,Not Available,311.0,8.4,31.0,1004053.0,7.6
91,4.0,85,794.0,3.3,17.0,4015334.0,3.3
Not Available,3.0,Not Available,3583.0,3.1,6.0,3082035.0,4.2
Not Available,5.0,Not Available,319.0,32.3,1.0,5112427.0,24.7
85,5.0,29,545.0,4.1,110.0,5014176.0,4.1
65,2.0,48,3356.0,4.2,36.0,2018628.0,3.7
68,2.0,56,2634.0,5.3,1.0,2004526.0,5.7
45,4.0,42,6927.0,7,22.0,4149690.0,4.6
7,4.0,21,1600.0,7.3,61.0,4437166.0,5.7
Not Available,4.0,Not Available,3491.0,10.9,1.0,4083512.0,9.1
73,4.0,70,10944.0,4.3,301.0,4234318.0,3.2
77,3.0,88,5774.0,4.5,1.0,3143190.0,3.6
97,3.0,99,397.0,3.1,11.0,3006356.0,2.4
Not Available,1.0,Not Available,1111.0,9.4,1.0,1083837.0,7.3
Not Available,2.0,Not Available,2306.0,3.1,52.0,2000656.0,7.5
58,3.0,34,1229.0,5.1,28.0,3031050.0,6
Not Available,5.0,Not Available,215.0,6,46.0,5106681.0,4.9
95,4.0,74,1607.0,3,1.0,4437176.0,4.4
Not Available,1.0,Not Available,2139.0,4.8,404.0,1063445.0,2.1
90,1.0,Not Available,1747.0,10.9,35.0,1077376.0,Not Available
71,1.0,14,1640.0,4.9,139.0,1083184.0,7
85,3.0,87,3242.0,4.2,1.0,3073761.0,3.7
59,3.0,58,4461.0,5.5,1.0,3098536.0,5.2
73,2.0,59,2692.0,5.2,14.0,2005276.0,5.2
20,4.0,7,634.0,6.5,36.0,4009499.0,8.7
73,3.0,68,3802.0,4.2,15.0,3084617.0,4
67,3.0,73,4278.0,5.1,1.0,3095977.0,4.1
80,1.0,84,2172.0,5.1,16.0,1076756.0,4.5
Not Available,2.0,Not Available,2388.0,8.9,45.0,2001584.0,7.7
51,4.0,54,11151.0,5.2,81.0,4240503.0,4.5
42,4.0,44,12973.0,6,1.0,4529511.0,5.1
59,3.0,50,8712.0,6.2,56.0,3245498.0,5.6
Not Available,4.0,Not Available,2347.0,7.7,55.0,4054170.0,7.8
60,3.0,95,6769.0,4.8,18.0,3182169.0,2.5
Not Available,2.0,Not Available,3222.0,3.3,62.0,2100256.0,2.5
89,4.0,35,7677.0,4.1,1.0,4163698.0,4
58,3.0,70,7281.0,7.6,1.0,3196595.0,6
11,4.0,Not Available,21.0,7,30.0,4542629.0,Not Available
89,3.0,61,1101.0,4.3,1.0,3026517.0,5.3
42,2.0,31,4916.0,7.2,1.0,2065992.0,6.6
84,2.0,87,4074.0,4.3,1.0,2044091.0,3.6
10,5.0,8,1653.0,6.7,1.0,5032481.0,7.5
66,4.0,66,2802.0,4.2,94.0,4062861.0,4
Not Available,5.0,Not Available,2040.0,11.1,1.0,5107303.0,10.1
51,3.0,88,5653.0,5,21.0,3138276.0,4.4
70,3.0,87,7006.0,6.8,1.0,3188726.0,4.2
Not Available,2.0,Not Available,3222.0,3.3,620.0,2104900.0,2.5
62,2.0,87,2306.0,5.9,54.0,2097038.0,4.1
Not Available,3.0,Not Available,1933.0,9.2,121.0,3055379.0,7.4
Not Available,3.0,Not Available,8760.0,10.2,60.0,3326934.0,10.4
Not Available,4.0,Not Available,9799.0,8.5,27.0,4525758.0,7.5
Not Available,1.0,Not Available,2032.0,5.5,17.0,1060503.0,5.1
17,4.0,70,15819.0,9.8,148.0,4531136.0,3.9
89,2.0,83,2932.0,4.2,1.0,2009718.0,3.9
76,4.0,79,3270.0,5.8,1.0,4078312.0,5
90,4.0,86,2126.0,3.7,14.0,4442846.0,5.1
71,2.0,30,2847.0,4.6,41.0,2103870.0,4.8
Not Available,2.0,Not Available,2918.0,10.4,1.0,2009573.0,10.1
69,5.0,72,534.0,5.5,75.0,5013955.0,3.6
3,4.0,1,2344.0,20,30.0,4054168.0,116.4
92,4.0,92,3434.0,3.2,1.0,4081987.0,1.8
Not Available,2.0,Not Available,2945.0,8,18.0,2009891.0,8.5
Not Available,2.0,Not Available,3089.0,5.5,24.0,2012517.0,5.3
88,3.0,87,8018.0,4,1.0,3224947.0,3.1
33,3.0,74,950.0,5,24.0,3019597.0,4.3
Not Available,1.0,Not Available,1008.0,6.6,15.0,1023391.0,6
98,4.0,98,9774.0,4.5,1.0,4448767.0,3.7
46,3.0,93,211.0,5.1,1.0,3001540.0,2.8
90,3.0,92,696.0,4.9,31.0,3337060.0,4.6
Not Available,4.0,Not Available,4346.0,8.6,75.0,4802407.0,5.1
Not Available,2.0,Not Available,2696.0,4.3,30.0,2005346.0,2.8
Not Available,1.0,Not Available,2138.0,20.2,24.0,1063379.0,34.1
86,2.0,94,3247.0,4.6,70.0,2100971.0,2.3
60,4.0,79,6858.0,15.3,1.0,4442433.0,12.3
Not Available,1.0,Not Available,1120.0,7.1,9.0,1028237.0,8.9
Not Available,3.0,Not Available,1396.0,8.6,6.0,3037543.0,7.9
Not Available,2.0,Not Available,2605.0,14.6,40.0,2109476.0,12.7
48,4.0,28,12820.0,6,1.0,4276382.0,5
Not Available,1.0,Not Available,1876.0,8.6,20.0,1056586.0,7
70,4.0,51,11714.0,4.7,100.0,4253607.0,5
Not Available,4.0,Not Available,644.0,16.6,1.0,4441089.0,5.6
Not Available,5.0,Not Available,76.0,5.1,200.0,5000000.0,6.3
Not Available,2.0,Not Available,3247.0,4.6,1.0,2097314.0,4.5
Not Available,2.0,Not Available,2567.0,6.2,13.0,2003811.0,2.1
70,4.0,61,9321.0,7.2,1.0,4195688.0,8.2
71,3.0,76,941.0,5.6,50.0,3259250.0,4.7
68,2.0,53,5641.0,6.5,280.0,2082444.0,6.9
100,6.0,Not Available,0.0,2.7,0.0,0.0,Not Available
Not Available,4.0,Not Available,295.0,8.8,45.0,4307187.0,10.1
69,3.0,65,4353.0,5.4,50.0,3097675.0,4.3
16,5.0,19,497.0,8.8,1.0,5013236.0,7.9
Not Available,2.0,Not Available,2605.0,15.5,40.0,2116652.0,12.7
Not Available,3.0,Not Available,4791.0,5.1,46.0,3106505.0,5
71,3.0,58,3137.0,4,26.0,3071806.0,5.3
Not Available,5.0,Not Available,5900.0,7.6,500.0,5000000.0,0.8
94,3.0,97,4126.0,4.7,47.0,3092063.0,3.9
1,3.0,4,2944.0,8.4,11.0,3070524.0,6.7
27,3.0,26,5850.0,7.5,30.0,3144482.0,7.3
76,4.0,68,3976.0,3.8,1.0,4096774.0,4
87,5.0,93,308.0,4,1.0,5008403.0,3.1
80,3.0,75,1160.0,6.8,1.0,3028862.0,7
89,4.0,91,9540.0,6.2,2.0,4202849.0,4.6
60,2.0,49,2763.0,5.8,279.0,2006566.0,2.5
Not Available,4.0,Not Available,4382.0,4.8,1.0,4000000.0,Not Available
37,2.0,8,2793.0,5.2,28.0,2007387.0,6.3
64,1.0,47,374.0,9.6,20.0,1004415.0,10.9
49,3.0,75,3544.0,5,135.0,3081460.0,3.7
54,1.0,62,1700.0,5.5,1.0,1052999.0,4.9
Not Available,3.0,Not Available,3098.0,5.3,19.0,3071470.0,5.7
93,5.0,85,4244.0,3.8,1.0,5107621.0,3.5
Not Available,3.0,Not Available,3227.0,3.1,10.0,3073394.0,3.4
Not Available,3.0,Not Available,4140.0,6.8,13.0,3092631.0,8.8
Not Available,4.0,Not Available,10021.0,4,1.0,4214446.0,3.8
Not Available,3.0,Not Available,4077.0,6.5,28.0,3090430.0,2.6
82,3.0,86,1962.0,4.9,10.0,3332865.0,3.5
69,3.0,55,6065.0,6.6,43.0,3154215.0,8.2
Not Available,3.0,Not Available,8760.0,10.2,60.0,3347725.0,10.4
Not Available,3.0,Not Available,5598.0,4.8,48.0,3135907.0,3.2
58,4.0,100,6507.0,4.8,200.0,4538714.0,1.6
37,2.0,48,2269.0,10,21.0,2090354.0,9.2
75,3.0,77,1787.0,4.3,14.0,3049858.0,3.7
Not Available,1.0,Not Available,280.0,6.6,44.0,1003425.0,8.2
65,4.0,81,8276.0,4.7,620.0,4171759.0,3.3
Not Available,3.0,Not Available,1331.0,4.2,9.0,3035444.0,4.6
Not Available,3.0,Not Available,8760.0,10.2,60.0,3347724.0,10.4
24,2.0,20,3834.0,6.2,70.0,2103494.0,4.9
Not Available,2.0,Not Available,3120.0,36,20.0,2123911.0,32.8
82,4.0,32,7774.0,3.8,165.0,4164350.0,4
79,3.0,96,6180.0,5.5,1.0,3157760.0,3.4
Not Available,3.0,Not Available,2454.0,2.5,1.0,3335964.0,2.3
88,2.0,87,3007.0,4.1,8.0,2010910.0,4.3
Not Available,2.0,Not Available,4336.0,12.8,1.0,2115623.0,3.7
19,3.0,12,4812.0,7.8,1.0,3831514.0,8.7
97,1.0,84,926.0,2.9,1.0,1081671.0,3.4
Not Available,3.0,Not Available,1472.0,6.8,1.0,3319475.0,8.1
78,1.0,97,1595.0,5,15.0,1051410.0,2.3
Not Available,2.0,Not Available,2907.0,8.9,10.0,2009509.0,8.4
89,4.0,60,9327.0,4.4,26.0,4449704.0,5.2
47,5.0,15,1218.0,4.9,1.0,5027641.0,5.5
Not Available,4.0,Not Available,5107.0,8.2,200.0,4439682.0,6.8
3,4.0,Not Available,6858.0,8.5,1.0,4442432.0,2
62,4.0,71,11942.0,6.3,302.0,4258143.0,5.5
75,1.0,76,1689.0,6,5.0,1052986.0,5.5
51,3.0,39,1233.0,5.5,26.0,3330794.0,4.4
Not Available,2.0,Not Available,2605.0,15.5,40.0,0.0,12.7
95,3.0,93,111.0,4,1.0,3000203.0,3.8
Not Available,1.0,Not Available,1957.0,5.5,1.0,1084067.0,7.6
79,2.0,69,3718.0,5.1,1.0,2087014.0,4
95,3.0,47,7084.0,4.7,1.0,3190273.0,4.4
Not Available,4.0,Not Available,6517.0,7.5,1.0,4439911.0,7.5
79,2.0,62,2873.0,3.9,27.0,2088263.0,3.9
36,3.0,5,139.0,7.7,1.0,3000256.0,15.1
70,1.0,70,1925.0,5.7,19.0,1058447.0,5.7
56,2.0,47,2683.0,7.5,65.0,2005089.0,8.1
84,3.0,94,2091.0,7.1,3.0,3058531.0,5.3
73,4.0,50,6038.0,4.4,13.0,4134525.0,4
71,3.0,71,2670.0,5,1.0,3066698.0,5
75,3.0,61,3520.0,5.2,8.0,3081032.0,5.3
Not Available,4.0,Not Available,9756.0,9.1,6.0,4208836.0,6.9
Not Available,1.0,Not Available,1722.0,7.9,30.0,1053460.0,6.9
Not Available,2.0,Not Available,2861.0,4.3,129.0,2109470.0,5.1
Not Available,2.0,Not Available,3272.0,12.8,1.0,2113012.0,3.7
Not Available,1.0,Not Available,142.0,15.4,50.0,1066406.0,10.5
74,3.0,64,4015.0,4.1,1.0,3089176.0,4
45,4.0,40,2284.0,4.1,6.0,4052874.0,4.1
75,3.0,77,6640.0,4.5,13.0,3176229.0,4
19,2.0,22,2913.0,6.1,1.0,2009555.0,6
24,3.0,28,1482.0,8.6,1.0,3039676.0,8.5
61,2.0,54,4493.0,5.2,1.0,2053518.0,4.5
Not Available,3.0,Not Available,7065.0,4.9,1.0,3189617.0,4.8
64,4.0,46,7870.0,4.2,72.0,4529899.0,4.4
Not Available,3.0,Not Available,4051.0,13.9,16.0,3089813.0,10.5
Not Available,3.0,Not Available,1183.0,13.4,1.0,3337842.0,8.5
75,2.0,32,2572.0,6.3,6.0,2091301.0,8.7
Not Available,3.0,Not Available,8698.0,17.5,1.0,3115623.0,24.5
51,2.0,26,2902.0,5.5,1.0,2009463.0,5.9
Not Available,5.0,Not Available,489.0,4.9,48.0,5013187.0,3.9
78,1.0,81,742.0,4.9,7.0,1013096.0,4.7
Not Available,5.0,Not Available,2040.0,5.5,1.0,5107304.0,10.1
Not Available,3.0,Not Available,3498.0,6,8.0,3378202.0,4.6
Not Available,2.0,Not Available,3325.0,17.4,5.0,2017718.0,8.3
4,2.0,Not Available,2527.0,9.3,58.0,2117349.0,Not Available
84,2.0,85,2284.0,4.1,34.0,2000308.0,4.4
Not Available,4.0,Not Available,7490.0,11.5,2.0,4862627.0,11.3
2,1.0,7,2084.0,7.8,29.0,1087824.0,6.3
72,3.0,74,4648.0,5.5,1.0,3101168.0,4.4
77,4.0,25,9768.0,3.9,22.0,4209031.0,4.5
Not Available,2.0,Not Available,4876.0,7.5,1.0,2065163.0,8
65,4.0,82,15693.0,7.7,1.0,4442313.0,5.8
Not Available,4.0,Not Available,6517.0,7.5,1.0,4467563.0,7.5
72,3.0,81,998.0,4,1.0,3012840.0,5.1
Not Available,2.0,Not Available,3222.0,3.3,62.0,2100240.0,2.5
Not Available,3.0,Not Available,2885.0,3.8,1.0,3338306.0,Not Available
Not Available,3.0,Not Available,1117.0,15.3,1.0,3339261.0,15.4
Not Available,4.0,Not Available,1726.0,4.5,5.0,4042862.0,4.8
36,1.0,35,962.0,16.4,100.0,1086515.0,20.9
Not Available,3.0,Not Available,2613.0,4.8,1.0,3065473.0,8.3
54,1.0,43,1065.0,4.6,1.0,1026841.0,5
Not Available,1.0,Not Available,1472.0,7.5,28.0,1045991.0,7.1
Not Available,3.0,Not Available,128.0,7,1.0,3335890.0,4.9
88,5.0,68,5336.0,6.8,1.0,5069075.0,5.4
Not Available,4.0,Not Available,386.0,3.8,7.0,4004679.0,4
Not Available,4.0,Not Available,1592.0,10.1,72.0,4445296.0,9.4
92,4.0,92,12104.0,4.1,1.0,4262725.0,3.6
Not Available,4.0,Not Available,16212.0,7.5,17.0,4304442.0,7.2
Not Available,4.0,Not Available,307.0,11.7,29.0,4003673.0,8
Not Available,4.0,Not Available,7490.0,11.4,2.0,4458074.0,11.3
42,2.0,31,4916.0,7.2,1.0,2065992.0,6.6
89,2.0,86,2655.0,3.7,30.0,2004690.0,4.8
38,4.0,32,10178.0,5.9,1.0,4216655.0,5.3
Not Available,2.0,Not Available,2763.0,9.3,1.0,2109472.0,9.9
69,2.0,79,5368.0,8.2,1.0,2074045.0,7.3
Not Available,2.0,Not Available,3222.0,3.3,62.0,2100250.0,2.5
Not Available,1.0,Not Available,1911.0,4.5,43.0,1057874.0,3.7
24,1.0,28,1931.0,5.9,27.0,1058660.0,5.5
Not Available,3.0,Not Available,928.0,6.1,6.0,3018376.0,5.7
Not Available,4.0,Not Available,10171.0,4.9,8.0,4539786.0,5.5
Not Available,3.0,Not Available,7371.0,13.6,52.0,3200556.0,11.8
83,1.0,84,422.0,4.4,72.0,1005626.0,4
17,3.0,23,1751.0,8.7,25.0,3329636.0,8.8
46,1.0,54,394.0,5.9,12.0,1079053.0,5.5
81,3.0,77,880.0,3.2,1.0,3331274.0,2.7
67,1.0,74,925.0,4.7,12.0,1020513.0,5.1
Not Available,1.0,Not Available,962.0,3.9,100.0,1087242.0,4.2
Not Available,2.0,Not Available,3222.0,3.3,62.0,2100240.0,2.5
23,2.0,18,4341.0,6.2,13.0,2049999.0,5.1
Not Available,4.0,Not Available,10092.0,20.7,6.0,4215603.0,21.4
93,4.0,96,3490.0,5.3,1.0,4083511.0,3.8
77,3.0,54,3507.0,4.6,7.0,3080768.0,5.4
96,4.0,73,6826.0,2.6,1.0,4147847.0,6.6
45,3.0,14,5778.0,1.9,1.0,3257059.0,3.1
76,2.0,77,2717.0,4.8,5.0,2005681.0,4
81,3.0,72,1510.0,4.9,1.0,3040878.0,4.7
39,2.0,35,4719.0,6,1.0,2060191.0,5.7
Not Available,4.0,Not Available,6517.0,7.5,1.0,4439914.0,7.5
100,1.0,100,848.0,0.9,7502.0,1016163.0,1.1
87,1.0,83,1939.0,3.9,11.0,1058808.0,4.4
Not Available,2.0,Not Available,2727.0,16.6,17.0,2005802.0,13.2
39,4.0,43,2423.0,6.1,1.0,4440274.0,5.2
Not Available,2.0,Not Available,3222.0,3.3,62.0,2100252.0,2.5
Not Available,4.0,Not Available,6517.0,7.5,1.0,4442883.0,7.5
Not Available,4.0,Not Available,1791.0,330.4,52.0,4311982.0,219.7
73,3.0,83,1367.0,6,22.0,3036289.0,5.2
94,4.0,71,15736.0,4.6,1.0,4300730.0,4.7
83,5.0,44,1121.0,4.9,1.0,5026076.0,5.4
67,4.0,74,11018.0,4.5,21.0,4236757.0,4.1
43,3.0,56,3606.0,5.9,1.0,3082391.0,4.9
36,4.0,41,9172.0,5.2,1.0,4467457.0,4.5
86,1.0,98,996.0,4.5,21.0,1022615.0,2.6
83,4.0,58,7312.0,4.3,1.0,4438325.0,3.4
Not Available,3.0,Not Available,4717.0,5.6,38.0,3103597.0,5.9
77,2.0,53,3208.0,5.6,1.0,2014505.0,5.3
59,2.0,39,4552.0,5.9,10.0,2054933.0,4.7
Not Available,1.0,Not Available,1772.0,4.3,31.0,1054433.0,4.1
Not Available,3.0,100,3966.0,0,1.0,3327112.0,1
96,4.0,92,12495.0,4.6,65.0,4270045.0,5
11,3.0,59,2039.0,22.7,101.0,3251647.0,7.6
99,3.0,50,0.0,1.5,0.0,3336609.0,4.5
40,4.0,37,13578.0,6.6,1.0,4288640.0,6.4
Not Available,1.0,Not Available,1773.0,10.7,33.0,1054465.0,8.4
75,2.0,1,3842.0,5,2.0,2027195.0,5
59,4.0,78,11018.0,4.6,21.0,4236757.0,3.7
90,4.0,93,16257.0,7.6,1.0,4305615.0,4.8
80,3.0,63,1643.0,7.8,36.0,3045047.0,9.6
81,1.0,77,563.0,5.2,19.0,1009128.0,5.8
Not Available,2.0,Not Available,3120.0,36,20.0,2123911.0,32.8
67,4.0,69,776.0,12,150.0,4539570.0,13.1
17,3.0,9,1888.0,5.8,34.0,3054323.0,7.3
51,4.0,54,11151.0,5.2,81.0,4240503.0,4.5
67,2.0,60,3948.0,6.4,55.0,2041247.0,5.2
Not Available,3.0,Not Available,4258.0,12.4,36.0,3095610.0,13.4
84,1.0,87,1461.0,5.1,7.0,1045569.0,4.7
25,5.0,23,683.0,7.6,1.0,5113169.0,8.2
Not Available,4.0,Not Available,3365.0,2.6,27.0,4080234.0,Not Available
Not Available,1.0,Not Available,1920.0,17.1,26.0,1058275.0,13.1
Not Available,3.0,Not Available,3803.0,4.5,46.0,3342526.0,4.5
Not Available,5.0,Not Available,99999.0,0.2,1.0,5000000.0,0.1
Not Available,3.0,Not Available,4090.0,7.3,1.0,3090726.0,4.9
70,1.0,65,2160.0,8,18.0,1076751.0,8.5
36,3.0,33,1355.0,5.7,23.0,3035887.0,5.1
58,4.0,71,6834.0,4.7,1.0,4148003.0,3.9
15,3.0,Not Available,5891.0,6.2,48.0,3146550.0,Not Available
76,2.0,51,3123.0,5.6,3.0,2013142.0,5.3
Not Available,2.0,Not Available,2953.0,11.9,21.0,2097277.0,9.4
49,2.0,61,3060.0,8.1,32.0,2011826.0,5.5
39,4.0,18,438.0,5.1,26.0,4005184.0,5.1
67,3.0,80,6271.0,5.5,1.0,3162711.0,4.6
85,4.0,77,12927.0,4.8,28.0,4278380.0,4.4
Not Available,2.0,Not Available,2605.0,19.4,40.0,2096863.0,12.7
73,1.0,85,344.0,5,1.0,1004091.0,3.9
Not Available,1.0,Not Available,1680.0,5.9,45.0,1074278.0,5
84,3.0,89,8464.0,4,1.0,3326821.0,3.4
3,2.0,8,5263.0,7.9,115.0,2115403.0,7
84,3.0,70,8388.0,4,2.0,3236496.0,3.9
Not Available,1.0,Not Available,1957.0,9.6,200.0,1084085.0,7.6
24,1.0,8,113.0,8.4,100.0,1001388.0,13.5
46,2.0,55,5756.0,5.2,195.0,2083564.0,4.5
37,2.0,8,2793.0,5.2,28.0,2007387.0,6.3
82,3.0,68,1518.0,5.2,1.0,3041214.0,5.8
Not Available,2.0,Not Available,3222.0,3.3,62.0,2100243.0,2.5
Not Available,1.0,Not Available,881.0,8,31.0,1018107.0,5.5
14,4.0,21,275.0,12.2,7501.0,4003522.0,10.8
Not Available,4.0,Not Available,99999.0,0,9999.0,4000000.0,0
23,2.0,9,2552.0,4.8,70.0,2003646.0,5.3
26,3.0,49,4904.0,6.3,10.0,3327776.0,5.4
76,2.0,70,3188.0,4.7,8.0,2014098.0,4.4
90,1.0,100,1554.0,5.6,15.0,1050217.0,0.8
Not Available,1.0,Not Available,2069.0,8,26.0,1075503.0,4.6
Not Available,5.0,Not Available,2685.0,16.7,100.0,5141714.0,Not Available
90,3.0,84,3823.0,4.3,1.0,3085070.0,4.2
Not Available,5.0,Not Available,5900.0,14.4,500.0,5130986.0,6.1
1,2.0,1,3246.0,7.6,2.0,2015222.0,8.2
Not Available,2.0,Not Available,3247.0,4.6,1.0,2098697.0,4.5
Not Available,1.0,Not Available,606.0,7.2,1.0,1082668.0,6.9
82,3.0,83,5362.0,4.9,21.0,3125676.0,4.2
36,2.0,23,2359.0,7.1,240.0,2001153.0,4.7
79,3.0,75,4324.0,7.7,1.0,3097334.0,6.6
61,4.0,49,11972.0,5.6,70.0,4259200.0,4.9
92,4.0,90,1849.0,4.2,1.0,4045629.0,3.7
Not Available,2.0,Not Available,2605.0,14.6,40.0,0.0,12.7
Not Available,2.0,Not Available,2738.0,0.2,35.0,2005938.0,0.8
91,2.0,86,4125.0,6,1.0,2045344.0,5.2
77,2.0,73,3067.0,4.1,1.0,2011937.0,4
Not Available,1.0,Not Available,2111.0,4,58.0,1062652.0,4
99,4.0,94,7128.0,2.4,10.0,4153407.0,2.1
Not Available,1.0,Not Available,962.0,6.9,100.0,1069579.0,6.7
Not Available,1.0,Not Available,1488.0,6.6,17.0,1046409.0,3
Not Available,2.0,Not Available,3222.0,3.3,62.0,2831930.0,2.5
Not Available,4.0,Not Available,7490.0,11.5,2.0,4862628.0,11.3
89,3.0,86,5103.0,5.4,10.0,3336215.0,5.4
75,2.0,55,5917.0,5.5,140.0,2085869.0,5.8
87,1.0,69,170.0,6.2,6.0,1001835.0,8.2
52,4.0,48,3561.0,4.4,1.0,4435561.0,4.4
14,3.0,2,85.0,13.8,6.0,3000172.0,14.5
26,3.0,8,8215.0,6.4,12.0,3396940.0,8.7
Not Available,3.0,Not Available,3043.0,2.9,1.0,3070967.0,2.2
96,1.0,97,259.0,3.1,44.0,1003214.0,2.5
78,3.0,58,4599.0,5.1,1.0,3099537.0,5.9
27,3.0,21,7452.0,24.3,1.0,3204772.0,26.2
40,5.0,42,503.0,7.1,32.0,5013302.0,6.2
44,4.0,39,228.0,5.5,20.0,4003259.0,5
Not Available,3.0,Not Available,4827.0,14.6,39.0,3327687.0,12.6
25,5.0,23,683.0,7.6,1.0,5113169.0,8.2
96,1.0,97,1489.0,4.1,1.0,1046411.0,3.7
5,2.0,4,3330.0,8.5,1.0,2086851.0,8.2
8,2.0,7,2329.0,9.8,75.0,2000876.0,9.2
94,1.0,Not Available,1767.0,3.6,30.0,1088293.0,Not Available
3,4.0,3,10813.0,8.3,5.0,4231378.0,8.2
55,3.0,70,437.0,6.9,1.0,3007326.0,5.9
83,4.0,79,489.0,4.3,1.0,4005429.0,4.4
Not Available,2.0,Not Available,2605.0,15.7,40.0,0.0,12.7
58,1.0,53,153.0,9.1,24.0,1001670.0,10.5
39,1.0,47,16.0,6.3,215.0,1084587.0,6
36,3.0,4,1267.0,5.3,1.0,3032886.0,8.5
66,2.0,44,3564.0,4.6,1.0,2021923.0,5.1
67,5.0,32,22.0,8.7,1.0,5106483.0,8.3
81,3.0,83,971.0,5.3,28.0,3337516.0,4.8
73,4.0,80,9707.0,2.7,48.0,4207510.0,2.5
Not Available,1.0,Not Available,127.0,6.2,1.0,1088292.0,10.5
Not Available,2.0,Not Available,3247.0,4.6,1.0,2119733.0,4.5
Not Available,3.0,Not Available,798.0,7.7,34.0,3013507.0,7.4
Not Available,2.0,Not Available,3702.0,10.8,1.0,2094841.0,2.7
65,2.0,34,2947.0,6.6,18.0,2009911.0,10
74,5.0,84,176.0,4,10.0,5004877.0,3.6
64,3.0,43,1316.0,3.8,15.0,3337872.0,5.2
Not Available,3.0,Not Available,7868.0,6.3,39.0,3219626.0,7.1
85,2.0,49,2267.0,5.7,15.0,2000077.0,6
86,3.0,68,7266.0,4.1,40.0,3196558.0,4.6
56,1.0,54,197.0,6.2,17.0,1002358.0,6.5
61,2.0,43,2688.0,7.9,1.0,2005168.0,5.6
88,3.0,5,1616.0,3.8,1.0,3043822.0,4.3
81,4.0,35,6606.0,5.6,2.0,4142980.0,4.6
Not Available,3.0,Not Available,1183.0,21.2,51.0,3029669.0,16.5
74,3.0,78,6595.0,4.4,33.0,3174076.0,3.8
81,3.0,55,4744.0,3.5,1.0,3104599.0,5.9
Not Available,1.0,Not Available,1111.0,18.8,1.0,1000000.0,22.7
Not Available,2.0,Not Available,3222.0,3.3,62.0,2100247.0,2.5
Not Available,1.0,Not Available,350.0,5.3,8.0,1004240.0,5.1
79,4.0,81,1419.0,4.1,1.0,4034841.0,3.8
Not Available,1.0,Not Available,1923.0,11.4,53.0,1058399.0,Not Available
97,3.0,93,1616.0,3,1.0,3393805.0,4.4
1,1.0,Not Available,100.0,10.4,7502.0,1087485.0,0
Not Available,3.0,Not Available,799.0,3.6,5.0,3013535.0,6.9
91,1.0,89,1149.0,4.1,7.0,1030196.0,4.2
Not Available,4.0,Not Available,3632.0,9.1,1.0,4088186.0,7
43,2.0,31,4006.0,5.4,3.0,2042451.0,5.6
Not Available,3.0,Not Available,1199.0,8.4,15.0,3029748.0,6.6
14,4.0,6,11900.0,19.3,2.0,4459553.0,22.9
Not Available,4.0,Not Available,10523.0,8.3,69.0,4467695.0,5
Not Available,2.0,Not Available,3176.0,3.9,1.0,2118325.0,3.5
Not Available,1.0,Not Available,1660.0,8.2,30.0,1052473.0,8.1
Not Available,3.0,Not Available,1253.0,2.7,7.0,3032188.0,2.8
60,2.0,32,2454.0,9.2,1.0,2002704.0,10
Not Available,4.0,Not Available,2018.0,7.2,1.0,4441124.0,6.2
59,4.0,14,1239.0,7.1,1.0,4028447.0,7.7
71,3.0,63,3416.0,4.8,1.0,3079027.0,4.5
Not Available,3.0,Not Available,3699.0,10.1,1.0,3083637.0,15.6
Not Available,3.0,Not Available,2762.0,5.7,21.0,3068818.0,7.3
Not Available,1.0,Not Available,497.0,4.3,1.0,1007560.0,5.6
90,3.0,53,131.0,4.9,1.0,3348041.0,6.9
58,3.0,46,755.0,4.8,22.0,3011821.0,5.3
77,4.0,31,5147.0,5.2,1.0,4116436.0,3.5
Not Available,3.0,Not Available,1431.0,4.5,54.0,3038522.0,3
84,3.0,86,7474.0,4.1,1.0,3205435.0,3.7
21,3.0,14,6391.0,6.5,24.0,3167212.0,6.9
88,3.0,83,7254.0,4.5,1.0,3196293.0,4.5
Not Available,3.0,86,3826.0,0,21.0,3085153.0,3
84,3.0,97,1983.0,3.8,10.0,3056874.0,1.9
99,3.0,83,7860.0,1.3,17.0,3345177.0,3.7
67,4.0,Not Available,1377.0,5.1,16.0,4437125.0,Not Available
Not Available,1.0,Not Available,2153.0,8.5,53.0,1063632.0,8.2
53,3.0,66,7381.0,5,201.0,3201080.0,4
98,5.0,92,1478.0,2.1,500.0,5107210.0,2.1
39,2.0,76,3252.0,6.2,182.0,2015472.0,6.3
91,2.0,43,2286.0,4.9,36.0,2000391.0,6
88,5.0,47,16.0,4.1,7.0,5000161.0,4.4
Not Available,1.0,Not Available,579.0,6,11.0,1009739.0,6.2
78,3.0,86,3060.0,5.8,1.0,3071199.0,4.3
Not Available,4.0,Not Available,5559.0,7.5,25.0,4529057.0,6.8
53,4.0,63,8135.0,5.5,29.0,4169468.0,5
Not Available,4.0,Not Available,15001.0,12.1,73.0,4433112.0,7.9
55,1.0,59,1964.0,8.1,12.0,1059526.0,7.6
Not Available,4.0,Not Available,75.0,6.9,1.0,4000548.0,2.8
32,5.0,37,159.0,7.4,65.0,5004530.0,7.1
Not Available,2.0,Not Available,5713.0,11,123.0,2119474.0,0.9
5,3.0,7,688.0,6.8,26.0,3394175.0,6.4
Not Available,3.0,Not Available,552.0,5.1,5.0,3008517.0,5.1
59,1.0,86,585.0,4.1,41.0,1009872.0,2.7
22,4.0,26,12993.0,8.3,118.0,4279864.0,6.6
10,3.0,12,2527.0,18.3,2.0,3398222.0,31
Not Available,2.0,Not Available,2605.0,15.4,40.0,0.0,12.7
25,5.0,23,683.0,7.6,1.0,5113169.0,8.2
71,3.0,88,5571.0,4.4,1.0,3134749.0,2.8
Not Available,3.0,Not Available,2189.0,4.9,1.0,3060090.0,5.1
24,3.0,Not Available,940.0,5.5,111.0,3413716.0,Not Available
Not Available,3.0,Not Available,4077.0,6.5,24.0,3090429.0,2.6
Not Available,4.0,Not Available,1669.0,6.5,38.0,4041534.0,5.8
Not Available,1.0,Not Available,2105.0,20.3,1.0,1076737.0,4.1
Not Available,3.0,Not Available,7069.0,2.9,14.0,3329347.0,3
Not Available,5.0,Not Available,76.0,5.1,200.0,5113028.0,6.3
Not Available,1.0,Not Available,1957.0,5.5,1.0,1084068.0,7.6
Not Available,3.0,Not Available,7599.0,7.6,67.0,3207376.0,8
Not Available,1.0,Not Available,404.0,5.2,39.0,1005147.0,4.8
85,1.0,30,1634.0,3,65.0,1052058.0,3
Not Available,5.0,Not Available,76.0,5.1,200.0,5000000.0,6.3
1,4.0,2,791.0,7.8,16.0,4015250.0,6.1
53,2.0,66,3524.0,6.7,20.0,2021482.0,5.6
88,3.0,88,8496.0,4.8,100.0,3239889.0,4.5
14,1.0,8,1373.0,5.6,1.0,1084848.0,6.1
7,3.0,32,4829.0,25.7,1.0,3327725.0,17.7
Not Available,2.0,Not Available,3752.0,7.9,13.0,2088552.0,7.5
81,3.0,81,6239.0,5.1,1.0,3160923.0,4.7
12,4.0,28,1756.0,5.4,25.0,4043827.0,4.4
30,3.0,24,4440.0,19.1,1.0,3848583.0,24.5
Not Available,4.0,Not Available,6517.0,7.5,1.0,4467569.0,7.5
Not Available,1.0,Not Available,529.0,4.9,15.0,1008425.0,5.3
63,1.0,100,23.0,3.4,13.0,1000811.0,0.6
Not Available,3.0,Not Available,1274.0,2,1.0,3033161.0,Not Available
91,3.0,86,4806.0,3.2,1.0,3107129.0,3.8
70,3.0,27,6917.0,5.9,1.0,3187407.0,5.7
79,4.0,35,8731.0,4.7,4.0,4178464.0,3.6
72,3.0,64,4401.0,5.6,1.0,3097973.0,5.8
37,4.0,22,8361.0,8,1.0,4173060.0,7.6
24,3.0,23,1423.0,8.8,14.0,3038372.0,8.4
77,3.0,74,5144.0,6,64.0,3328235.0,5.6
42,4.0,66,4045.0,6.8,1.0,4097877.0,5.2
76,2.0,57,2302.0,4.8,40.0,2000626.0,4.6
35,3.0,61,7758.0,6.9,1.0,3214729.0,5.3
Not Available,2.0,Not Available,2510.0,7.3,27.0,2003163.0,8.6
100,1.0,100,676.0,0.9,3.0,1085462.0,1.2
99,2.0,92,2324.0,4,8.0,2000816.0,5.5
51,1.0,29,1828.0,7.2,15.0,1055111.0,7.3
54,5.0,34,18.0,6.2,6.0,5000290.0,4.7
Not Available,1.0,Not Available,1610.0,10.6,1.0,1051499.0,10.7
18,3.0,22,1812.0,9.7,1.0,3329679.0,9.2
Not Available,3.0,Not Available,5155.0,8.8,4.0,3118638.0,8.7
Not Available,3.0,Not Available,4833.0,1.8,1.0,3337083.0,0.5
36,4.0,65,3925.0,56,1.0,4440692.0,87.2
Not Available,3.0,Not Available,3426.0,15.6,5.0,3319581.0,15.6
Not Available,2.0,Not Available,2315.0,7.9,18.0,2000744.0,7.8
5,2.0,7,4864.0,8,35.0,2829945.0,8.1
35,5.0,17,7760.0,6.4,1.0,5131697.0,5.6
51,1.0,70,142.0,6.4,1.0,1001533.0,5.2
84,3.0,64,4673.0,5.7,1.0,3102005.0,6.4
78,4.0,71,13331.0,3.6,1.0,4285682.0,3.2
80,4.0,81,9053.0,6.5,14.0,4188214.0,5.9
Not Available,2.0,Not Available,3120.0,36,20.0,2123911.0,32.8
Not Available,2.0,Not Available,3086.0,6.9,38.0,2086781.0,7.5
5,2.0,4,3330.0,8.5,1.0,2086851.0,8.2
22,3.0,25,1440.0,5.6,56.0,3038718.0,5
91,3.0,Not Available,5121.0,2.9,32.0,3117584.0,Not Available
Not Available,2.0,Not Available,2605.0,15.5,40.0,0.0,12.7
11,1.0,6,1418.0,9.7,7.0,1087680.0,11.2
94,4.0,78,9858.0,4.2,100.0,4448806.0,6.3
Not Available,1.0,Not Available,878.0,7.5,20.0,1086513.0,5.5
51,1.0,45,1855.0,5.2,9.0,1055911.0,5.8
75,3.0,83,6681.0,5.7,169.0,3178584.0,4.8
Not Available,1.0,Not Available,167.0,5.9,1.0,1088394.0,6.6
43,1.0,39,889.0,6.7,1.0,1018491.0,9
43,4.0,65,1252.0,5.3,1.0,4442764.0,4
34,2.0,38,2443.0,4.3,79.0,2002454.0,4.1
Not Available,3.0,Not Available,8147.0,12.7,26.0,3229075.0,12.5
7,3.0,32,4829.0,25.7,1.0,3327718.0,17.7
62,2.0,15,4526.0,5.8,1.0,2054253.0,6.9
Not Available,3.0,Not Available,7552.0,14.9,100.0,3389802.0,11.6
Not Available,4.0,Not Available,2361.0,6.2,150.0,4054276.0,7.7
Not Available,1.0,Not Available,410.0,1,38.0,1005326.0,1
29,3.0,47,5050.0,5.7,66.0,3378201.0,4.8
76,1.0,57,93.0,5.8,1.0,1001280.0,6.2
Not Available,3.0,Not Available,335.0,12.1,1.0,3004232.0,10.3
90,5.0,58,2366.0,4.6,73.0,5037541.0,4
1,2.0,Not Available,2605.0,15.4,40.0,0.0,12.7
Not Available,2.0,Not Available,3251.0,3.2,401.0,2015443.0,4.3
34,4.0,49,16181.0,7.9,1.0,4303853.0,5.9
93,4.0,88,6629.0,4.6,35.0,4438284.0,4
88,4.0,92,5734.0,4.4,1.0,4128717.0,3.4
28,4.0,4,2879.0,5,31.0,4437597.0,7.1
Not Available,2.0,Not Available,2872.0,5.8,126.0,2824716.0,5.8
81,4.0,74,9691.0,5.6,1.0,4207071.0,6.5
90,3.0,96,713.0,6.3,20.0,3010580.0,4.8
28,3.0,42,7551.0,6.2,26.0,3205780.0,4.9
Not Available,1.0,Not Available,275.0,9.8,28.0,1003286.0,22.2
43,4.0,46,10906.0,6,1.0,4440330.0,5
94,1.0,76,1524.0,4.1,23.0,1048492.0,5.9
91,3.0,83,1145.0,4.3,26.0,3028204.0,4.4
Not Available,5.0,Not Available,9.0,4.6,1.0,5000088.0,5.2
31,4.0,22,9381.0,5.6,44.0,4438609.0,6.1
Not Available,1.0,Not Available,201.0,4.1,20.0,1066496.0,3.6
40,4.0,Not Available,9435.0,4.9,16.0,4441342.0,Not Available
18,1.0,56,1819.0,11.9,203.0,1085920.0,4.8
63,2.0,15,2877.0,6,393.0,2094549.0,6.9
92,1.0,96,872.0,5.2,57.0,1017828.0,5.6
78,5.0,75,5444.0,4.3,12.0,5070651.0,4.2
62,3.0,72,1370.0,6.1,29.0,3036405.0,5.6
86,3.0,77,8393.0,5.1,1.0,3236665.0,5
90,3.0,94,188.0,4.4,14.0,3001070.0,3.6
17,1.0,11,855.0,11.4,1.0,1016743.0,13.8
93,3.0,93,5506.0,5.1,6.0,3131537.0,5.1
98,4.0,98,9774.0,4.5,1.0,4438678.0,3.7
92,1.0,88,121.0,4.7,1.0,1001394.0,5.4
88,4.0,82,6882.0,5.2,1.0,4148763.0,4.2
28,3.0,Not Available,6062.0,6.6,141.0,3154079.0,Not Available
Not Available,4.0,Not Available,4977.0,9.1,39.0,4112351.0,3.8
Not Available,4.0,Not Available,6507.0,4.3,30.0,4141868.0,7.5
Not Available,1.0,Not Available,1957.0,9.6,105.0,1085670.0,7.6
Not Available,4.0,Not Available,10097.0,14,10.0,4315254.0,9.2
Not Available,2.0,Not Available,2758.0,6.5,6.0,2006302.0,1.4
68,3.0,88,311.0,5.6,1.0,3255627.0,3.6
Not Available,4.0,Not Available,7490.0,11.5,2.0,4439432.0,11.3
Not Available,2.0,Not Available,2605.0,17.8,40.0,2109477.0,12.7
21,4.0,Not Available,9288.0,6.4,101.0,4864381.0,Not Available
21,1.0,11,2213.0,9.3,1.0,1064513.0,10.7
90,1.0,85,1988.0,3.7,166.0,1084132.0,4.9
92,3.0,82,5587.0,5.1,38.0,3328583.0,7.2
56,4.0,36,185.0,5.8,1.0,4002387.0,7
94,3.0,91,6883.0,3.9,1.0,3186454.0,5.5
Not Available,1.0,Not Available,1957.0,9.6,105.0,1084077.0,7.6
Not Available,2.0,Not Available,5900.0,21.7,50.0,2112805.0,2.4
Not Available,2.0,Not Available,2605.0,16.5,40.0,0.0,12.7
84,2.0,84,3386.0,5.4,1.0,2019463.0,4.2
90,3.0,80,5495.0,4.9,1101.0,3253281.0,5.2
53,2.0,66,3524.0,6.7,20.0,2021482.0,5.6
79,3.0,24,1082.0,5.7,1.0,3025510.0,14
Not Available,2.0,Not Available,2605.0,28.6,40.0,0.0,12.7
Not Available,2.0,Not Available,3222.0,3.3,62.0,2100247.0,2.5
54,2.0,62,3222.0,2.6,100.0,2096465.0,2.2
Not Available,2.0,Not Available,2605.0,15.5,40.0,0.0,12.7
Not Available,2.0,Not Available,3025.0,5.3,25.0,2011061.0,5.8
85,4.0,60,274.0,2.8,1.0,4003517.0,3
36,3.0,37,3298.0,3.7,1.0,3075413.0,4.4
Not Available,2.0,Not Available,3030.0,8.8,28.0,2011136.0,6.6
Not Available,4.0,Not Available,9505.0,11.5,61.0,4201325.0,8.9
98,4.0,100,10141.0,3.2,43.0,4216040.0,0.6
25,4.0,48,1349.0,6.8,28.0,4031853.0,5.2
72,4.0,74,2732.0,4.7,18.0,4060987.0,4
Not Available,2.0,Not Available,2909.0,2.5,40.0,2009541.0,2.4
83,2.0,34,3817.0,4.8,1.0,2026706.0,5.2
Not Available,3.0,Not Available,1365.0,7.4,9.0,3036147.0,6.6
Not Available,3.0,Not Available,8698.0,17.5,1.0,3115623.0,24.5
Not Available,2.0,Not Available,2605.0,14.6,40.0,0.0,12.7
76,1.0,44,325.0,3.8,25.0,1004062.0,3.7
88,2.0,2,5076.0,4.4,31.0,2070894.0,13.1
63,2.0,60,5716.0,6,725.0,2112838.0,4.9
Not Available,2.0,Not Available,3178.0,5.2,32.0,2013953.0,5.2
50,4.0,80,13655.0,6.8,1.0,4290116.0,4.6
1,1.0,60,2159.0,13.5,51.0,1076750.0,4.5
Not Available,1.0,Not Available,1169.0,9.9,26.0,1030885.0,10
82,4.0,81,1441.0,4.2,15.0,4035441.0,4.1
94,2.0,99,5141.0,5.3,150.0,2116159.0,3.2
96,1.0,96,491.0,3.4,16.0,1007378.0,3.5
91,2.0,62,4935.0,4.7,1.0,2066190.0,5
78,2.0,58,2435.0,6.2,75.0,2002299.0,5.8
Not Available,3.0,Not Available,625.0,10.1,2.0,3336714.0,Not Available
25,5.0,23,683.0,7.6,1.0,5113169.0,8.2
Not Available,4.0,Not Available,5917.0,6.2,1.0,4539863.0,2
21,4.0,27,15557.0,6.5,25.0,4298234.0,5.8
24,4.0,47,3354.0,6.7,39.0,4437660.0,4.7
87,2.0,64,5547.0,4.5,1.0,2080231.0,4.5
Not Available,1.0,Not Available,903.0,6,46.0,1019661.0,5.5
Not Available,2.0,Not Available,5760.0,8,134.0,2087576.0,9.4
Not Available,4.0,Not Available,6517.0,7.5,200.0,4467570.0,7.5
72,4.0,72,10447.0,4.6,7.0,4222137.0,4.3
Not Available,4.0,Not Available,32.0,24.3,6.0,4000126.0,13.4
Not Available,4.0,Not Available,7490.0,11.5,2.0,4439434.0,11.3
22,3.0,52,1457.0,6.5,32.0,3039174.0,4.6
Not Available,1.0,Not Available,1957.0,9.6,200.0,1084082.0,7.6
Not Available,4.0,Not Available,9657.0,0.4,1.0,4206524.0,0.5
Not Available,1.0,Not Available,582.0,14.1,50.0,1009772.0,10.8
14,4.0,24,529.0,6.9,2.0,4467709.0,6.7
Not Available,4.0,Not Available,2077.0,6.2,50.0,4050408.0,4.6
86,5.0,95,2885.0,5.8,1.0,5043479.0,3.6
66,4.0,Not Available,1761.0,5.5,35.0,4043936.0,Not Available
Not Available,6.0,Not Available,0.0,19.7,0.0,0.0,Not Available
63,1.0,66,236.0,5.3,38.0,1003086.0,4.8
Not Available,2.0,Not Available,3222.0,3.3,62.0,2100253.0,2.5
82,2.0,29,2495.0,6.3,100.0,2003022.0,6.5
Not Available,2.0,Not Available,3930.0,7.4,59.0,2028890.0,8.7
Not Available,5.0,Not Available,76.0,5.1,1.0,5146247.0,6.3
86,3.0,87,6734.0,5.8,109.0,3180673.0,5.5
7,3.0,32,4812.0,25.7,1.0,3329549.0,17.7
89,3.0,90,8222.0,5.5,1.0,3230949.0,4.3
Not Available,2.0,Not Available,2352.0,11.5,28.0,2001102.0,4.7
Not Available,2.0,Not Available,4336.0,12.8,1.0,2115623.0,3.7
89,1.0,87,2106.0,1.4,50.0,1082090.0,1.5
Not Available,1.0,Not Available,2138.0,7.1,79.0,1063381.0,6.6
Not Available,3.0,Not Available,7405.0,7.8,920.0,3202630.0,7.2
4,4.0,6,1608.0,7.7,58.0,4040271.0,7.4
53,3.0,63,3406.0,5,1.0,3078654.0,4.1
Not Available,3.0,Not Available,1289.0,8.9,25.0,3337869.0,6.6
Not Available,4.0,Not Available,6797.0,17.2,40.0,4454260.0,Not Available
78,1.0,81,168.0,6.1,32.0,1001831.0,6.5
68,4.0,73,15772.0,5.6,31.0,4301194.0,4.9
Not Available,2.0,Not Available,2765.0,9.7,177.0,2006621.0,9.2
41,4.0,71,282.0,4.7,1.0,4003540.0,3.6
67,4.0,87,16159.0,4.9,12.0,4303722.0,4.3
Not Available,2.0,Not Available,2425.0,2.8,20.0,2102353.0,3.1
Not Available,2.0,Not Available,3222.0,3.3,620.0,2100254.0,2.5
88,5.0,86,4586.0,4,1.0,5061911.0,2.7
92,4.0,82,537.0,4.3,14.0,4006046.0,2.6
57,4.0,8,6809.0,5.2,56.0,4147452.0,5.2
73,3.0,93,1187.0,6.1,1.0,3029686.0,3.6
2,4.0,7,249.0,9.9,1.0,4003442.0,4.6
87,2.0,51,4432.0,4.6,1.0,2051313.0,4.7
90,4.0,85,226.0,5.2,1.0,4436685.0,4.9
94,5.0,63,2888.0,3.5,40.0,5043519.0,3.3
82,2.0,29,2939.0,4.9,93.0,2009867.0,4.5
85,4.0,90,8855.0,4.2,20.0,4181565.0,3.5
94,1.0,92,153.0,4.8,1.0,1079216.0,6.1
82,5.0,47,2852.0,4.1,1.0,5042776.0,4.7
Not Available,1.0,Not Available,1134.0,8.1,25.0,1028832.0,9
61,3.0,56,6549.0,5,24.0,3172071.0,3.7
38,4.0,17,12439.0,6.9,32.0,4268900.0,8.8
Not Available,4.0,Not Available,7490.0,11.5,2.0,4439439.0,11.3
60,3.0,52,1998.0,6.5,1.0,3057406.0,5.3
96,3.0,86,5391.0,5.1,1.0,3126842.0,5
56,2.0,67,2344.0,4.9,96.0,2001027.0,3.8
79,3.0,79,2419.0,6.6,1.0,3063128.0,5.1
32,2.0,22,3770.0,6.8,80.0,2025026.0,7.4
57,2.0,13,3786.0,5.7,16.0,2025622.0,5.3
100,1.0,100,1059.0,3.7,15.0,1026646.0,3.6
87,1.0,69,1148.0,4.6,14.0,1030178.0,3.5
Not Available,3.0,Not Available,2987.0,10.3,16.0,3070584.0,10.3
57,2.0,13,2526.0,6.9,83.0,2003495.0,6.6
66,2.0,52,3336.0,6.4,35.0,2018046.0,7.2
100,3.0,100,5873.0,1.7,84.0,3145771.0,1.8
65,4.0,39,1714.0,4.8,18.0,4042496.0,4.9
Not Available,3.0,Not Available,128.0,7,26.0,3000243.0,4.9
Not Available,3.0,Not Available,128.0,7,1.0,3335892.0,4.9
62,1.0,56,1659.0,6.1,12.0,1052436.0,6
85,2.0,82,4205.0,12,1.0,2097550.0,12.5
Not Available,2.0,Not Available,2615.0,6.5,23.0,2004303.0,5.1
78,1.0,83,2016.0,4.9,100.0,1060198.0,4
58,4.0,65,13170.0,6,12.0,4283015.0,5.6
20,4.0,15,2990.0,7.8,45.0,4069253.0,7.2
49,1.0,45,1768.0,7.3,21.0,1083501.0,7.7
70,3.0,50,7051.0,5,1.0,3189517.0,6.1
Not Available,3.0,Not Available,625.0,211.9,2.0,3817544.0,187.2
Not Available,4.0,Not Available,7290.0,17.5,1.0,4156608.0,15.4
Not Available,1.0,Not Available,2052.0,13.1,1.0,1084164.0,4.5
65,1.0,40,1639.0,6.1,3.0,1081346.0,5.6
Not Available,4.0,Not Available,9798.0,7.2,6.0,4209635.0,7.2
Not Available,4.0,Not Available,10103.0,9.2,16.0,4439752.0,0.9
83,2.0,71,3021.0,4.2,38.0,2094603.0,4.9
80,5.0,42,610.0,6.2,127.0,5015603.0,5.7
Not Available,1.0,Not Available,776.0,10.6,40.0,1014236.0,10.6
79,4.0,71,4538.0,5.3,1.0,4103056.0,3.9
34,2.0,58,5135.0,7.3,200.0,2072352.0,1.9
91,4.0,85,3363.0,4.7,1.0,4080227.0,3.6
Not Available,3.0,Not Available,338.0,5.5,33.0,3004336.0,4.2
81,2.0,63,3295.0,5.2,1.0,2094729.0,5.9
Not Available,1.0,Not Available,1640.0,4.2,147.0,1052229.0,5.5
31,4.0,Not Available,9875.0,5.8,1.0,4211112.0,Not Available
85,2.0,87,2446.0,4.9,43.0,2002497.0,4.4
84,1.0,78,1906.0,5.9,11.0,1057683.0,5.7
73,3.0,90,5049.0,5,55.0,3115866.0,3.4
Not Available,4.0,Not Available,12039.0,5.8,44.0,4261337.0,5.7
44,2.0,33,4333.0,10.3,1.0,2101004.0,11.3
98,3.0,95,154.0,4,1.0,3000420.0,4.3
39,5.0,29,542.0,7.4,9.0,5014078.0,7.7
Not Available,3.0,Not Available,3976.0,3,70.0,3088473.0,3.9
21,1.0,Not Available,967.0,6.4,2.0,1089385.0,Not Available
67,3.0,62,1868.0,6,7.0,3053993.0,6.8
Not Available,4.0,Not Available,6517.0,7.5,1.0,4467560.0,7.5
25,5.0,23,683.0,7.6,1.0,5113169.0,8.2
Not Available,1.0,Not Available,724.0,9.9,82.0,1012830.0,11.3
Not Available,4.0,Not Available,1790.0,10.6,1.0,4444576.0,8.8
Not Available,3.0,Not Available,5423.0,10.2,21.0,3127902.0,10
80,5.0,38,3645.0,5.1,7.0,5052791.0,5.9
Not Available,3.0,Not Available,8760.0,10.2,60.0,3326937.0,10.4
70,3.0,28,3744.0,4.7,9.0,3084012.0,4.4
53,1.0,35,1769.0,7.1,45.0,1054382.0,9.2
88,4.0,78,12495.0,4.8,166.0,4270056.0,4.6
56,3.0,51,4606.0,4.9,25.0,3099733.0,4.8
71,1.0,51,142.0,5.7,25.0,1083240.0,6.8
87,3.0,78,455.0,5.5,1.0,3007707.0,5
55,2.0,21,2851.0,5.4,21.0,2098479.0,6
Not Available,2.0,Not Available,2489.0,11.6,77.0,2003017.0,12.7
Not Available,1.0,Not Available,1130.0,12.3,1.0,1083846.0,12.8
Not Available,3.0,Not Available,1117.0,16.4,1.0,3347244.0,3.3
82,3.0,56,3365.0,5.2,98.0,3076908.0,5.8
44,2.0,39,5018.0,4.8,1.0,2069061.0,5.1
82,4.0,89,1756.0,4.8,25.0,4043827.0,4
Not Available,2.0,Not Available,3015.0,11.7,49.0,2010954.0,3.5
Not Available,1.0,Not Available,353.0,11.6,44.0,1004297.0,0
79,2.0,66,5438.0,5.2,1.0,2077130.0,4.9
92,3.0,98,1454.0,4.5,54.0,3039123.0,3.4
Not Available,4.0,Not Available,16135.0,0.9,13.0,4303629.0,6.9
Not Available,3.0,Not Available,7552.0,14.9,100.0,3205787.0,11.6
85,5.0,33,3097.0,4.6,14.0,5045488.0,4.7
82,3.0,80,3046.0,4.7,1.0,3071024.0,3.6
72,3.0,69,3496.0,5.7,4.0,3080726.0,6
84,4.0,93,1500.0,13.3,2.0,4543852.0,10.3
Not Available,4.0,Not Available,4960.0,8.6,1.0,4112147.0,10.2
51,3.0,60,3508.0,3.6,12.0,3080779.0,3.9
59,4.0,14,1239.0,7.1,1.0,4028447.0,7.7
97,1.0,97,331.0,3.7,140.0,1004066.0,3.2
Not Available,2.0,72,3323.0,0,36.0,2017669.0,4.4
9,5.0,20,9.0,9,22.0,5000090.0,8
50,3.0,70,1636.0,4.3,1.0,3044657.0,4.4
43,1.0,6,1230.0,8.1,1.0,1032754.0,7.4
Not Available,2.0,Not Available,2383.0,4.9,12.0,2001505.0,4.9
Not Available,2.0,Not Available,2705.0,3.9,9.0,2005481.0,Not Available
Not Available,5.0,Not Available,76.0,5.1,200.0,5000000.0,6.3
89,3.0,99,1347.0,5.4,1.0,3035761.0,3.2
Not Available,3.0,Not Available,8760.0,10.2,60.0,3347724.0,10.4
Not Available,6.0,Not Available,0.0,14.9,0.0,0.0,Not Available
2,2.0,Not Available,2923.0,8.8,18.0,2815559.0,3.3
Not Available,1.0,Not Available,620.0,10.2,33.0,1011192.0,11.7
Not Available,3.0,Not Available,5111.0,8.2,24.0,3117400.0,7.9
82,2.0,51,3299.0,5.7,60.0,2094734.0,5.4
74,3.0,60,4243.0,4.5,1.0,3095254.0,4.2
32,4.0,75,9477.0,7.4,1.0,4200233.0,4.5
62,4.0,87,6507.0,6,1.0,4439900.0,4.8
84,2.0,79,2411.0,6.5,22.0,2001874.0,6
82,1.0,60,1614.0,4.9,21.0,1051584.0,3.6
72,5.0,38,5605.0,4.3,1.0,5130512.0,3.9
Not Available,3.0,Not Available,5907.0,6.2,1.0,3147279.0,6.7
89,3.0,29,6407.0,4.1,8.0,3167818.0,4.1
80,1.0,76,1784.0,4.8,12.0,1074333.0,4.3
Not Available,1.0,Not Available,2.0,0.2,1.0,1000003.0,11.6
90,3.0,96,713.0,6.3,20.0,3010580.0,4.8
29,2.0,Not Available,4091.0,5.2,1.0,2116414.0,2.4
84,3.0,87,1297.0,3.8,26.0,3034181.0,3.2
Not Available,4.0,Not Available,1722.0,7.8,12.0,4042761.0,5.5
76,4.0,78,2189.0,6.8,2.0,4052143.0,6.7
Not Available,4.0,100,423.0,0,5.0,4005057.0,0.2
89,1.0,79,921.0,5.9,64.0,1020416.0,8.5
84,3.0,86,5371.0,4.7,1.0,3126001.0,4.2
Not Available,2.0,Not Available,3120.0,36,20.0,2123911.0,32.8
Not Available,3.0,Not Available,3580.0,8.9,20.0,3081953.0,9.1
63,4.0,57,9653.0,7.4,1.0,4206522.0,7.9
42,2.0,50,2780.0,52,2.0,2118145.0,47.2
76,3.0,85,1726.0,4,14.0,3048352.0,3.3
Not Available,2.0,Not Available,2314.0,15.4,30.0,2000700.0,14.3
22,2.0,11,3109.0,6.2,1.0,2012957.0,6.2
Not Available,2.0,Not Available,3120.0,36,20.0,2123911.0,32.8
Not Available,3.0,Not Available,7018.0,22.2,1.0,3188979.0,2.1
Not Available,2.0,Not Available,2605.0,70.8,40.0,2109475.0,12.7
9,5.0,1,506.0,8,81.0,5013382.0,10
40,4.0,48,10582.0,5.3,16.0,4225816.0,4.8
Not Available,1.0,Not Available,794.0,5.7,64.0,1014723.0,5.5
61,1.0,36,29.0,7.8,73.0,1000850.0,9.1
Not Available,4.0,Not Available,7333.0,9.7,215.0,4157389.0,8.7
Not Available,3.0,Not Available,1240.0,4.8,56.0,3031515.0,4.3
Not Available,3.0,Not Available,3448.0,2.8,15.0,3080179.0,2.7
Not Available,5.0,Not Available,487.0,10.8,112.0,5106798.0,6.4
95,3.0,6,2712.0,3.7,1.0,3067788.0,4.6
1,3.0,Not Available,132.0,33.8,1.0,3000246.0,Not Available
47,3.0,36,4106.0,5.1,39.0,3090998.0,4.6
87,3.0,81,6399.0,4.2,26.0,3167623.0,3.9
95,2.0,88,2698.0,3,12.0,2005366.0,5.1
Not Available,4.0,Not Available,6517.0,7.5,1.0,4439915.0,7.5
83,4.0,73,714.0,2.9,1.0,4012664.0,3.7
21,2.0,91,2530.0,14,21.0,2003522.0,2.7
37,1.0,62,2133.0,5,40.0,1063228.0,4.3
60,4.0,11,610.0,4.9,1.0,4008220.0,5.7
6,3.0,13,717.0,6.1,61.0,3010669.0,4.8
Not Available,2.0,Not Available,3120.0,36,20.0,2123911.0,32.8
66,1.0,41,1946.0,4.9,1.0,1059111.0,4.2
Not Available,1.0,Not Available,962.0,6.9,100.0,1069579.0,6.7
62,4.0,54,6121.0,5.2,1.0,4135975.0,5.1
Not Available,4.0,Not Available,2361.0,14.1,268.0,4462505.0,17.3
88,1.0,88,698.0,3.9,1.0,1012389.0,3.9
69,4.0,71,10250.0,4.9,1.0,4218416.0,4.4
Not Available,4.0,Not Available,3866.0,50.4,70.0,4094697.0,40.4
Not Available,4.0,Not Available,46.0,4.3,34.0,4000333.0,8.4
81,2.0,63,3295.0,5.2,1.0,2094729.0,5.9
68,4.0,1,344.0,4.7,1.0,4004170.0,24
95,2.0,93,3033.0,4.1,7501.0,2116415.0,4.1
Not Available,3.0,Not Available,2079.0,9,21.0,3058406.0,9.3
Not Available,5.0,Not Available,504.0,3.6,49.0,5013317.0,15
67,3.0,52,6329.0,4,32.0,3165232.0,5.1
Not Available,2.0,Not Available,2368.0,3.9,39.0,2001228.0,3.6
Not Available,1.0,Not Available,1767.0,6.7,39.0,1088302.0,6.7
Not Available,3.0,Not Available,1336.0,10.6,18.0,3330693.0,15.5
56,2.0,27,3247.0,5.2,15.0,2101862.0,6.3
88,3.0,93,369.0,5.3,1.0,3336036.0,4.3
Not Available,2.0,Not Available,3247.0,4.6,1.0,2097315.0,4.5
72,4.0,74,9204.0,4.1,28.0,4192167.0,2.8
94,4.0,93,11445.0,4.2,1.0,4247454.0,3.7
96,2.0,92,2468.0,4,1.0,2002869.0,5.8
Not Available,2.0,Not Available,3222.0,3.3,62.0,2100255.0,2.5
80,2.0,77,3209.0,7.1,1.0,2086823.0,5.5
75,1.0,49,1694.0,3.1,1.0,1083933.0,5
Not Available,4.0,Not Available,2018.0,13.3,1.0,4854761.0,11.3
92,3.0,87,7786.0,4.4,1.0,3215816.0,4.5
72,1.0,86,1158.0,4.7,40.0,1030351.0,4.7
Not Available,2.0,Not Available,3702.0,10.8,1.0,2094842.0,2.7
Not Available,1.0,Not Available,2028.0,7.5,51.0,1075491.0,7.7
47,4.0,51,9491.0,5.1,1.0,4200748.0,4.1
Not Available,3.0,Not Available,3844.0,18.1,1.0,3085646.0,16.1
31,1.0,31,577.0,8.5,34.0,1009716.0,8.7
Not Available,4.0,Not Available,6517.0,7.5,1.0,4439910.0,7.5
Not Available,3.0,Not Available,1259.0,5.2,36.0,3032563.0,6.6
Not Available,4.0,Not Available,8693.0,6.5,10.0,4177530.0,Not Available
Not Available,3.0,Not Available,5086.0,6.9,15.0,3116706.0,8
Not Available,1.0,Not Available,342.0,11,60.0,1004078.0,5.1
78,3.0,68,7782.0,4.2,34.0,3215797.0,4.5
54,2.0,20,3062.0,4.7,6.0,2011852.0,5.5
Not Available,5.0,Not Available,2040.0,11,1.0,5131066.0,10.1
68,3.0,65,269.0,4.8,14.0,3002643.0,5
90,1.0,73,288.0,3.9,15.0,1003736.0,4.8
Not Available,3.0,Not Available,725.0,42,200.0,3347738.0,8.7
75,5.0,64,1706.0,4.6,1.0,5107239.0,4.3
59,4.0,35,2003.0,5.1,23.0,4529578.0,5.8
95,4.0,74,1607.0,3,1.0,4437176.0,4.4
Not Available,4.0,Not Available,831.0,8.3,15.0,4016923.0,7.4
80,3.0,89,3427.0,4.8,11.0,3079428.0,3.8
Not Available,1.0,Not Available,1719.0,5.8,1.0,1083971.0,4.2
Not Available,2.0,Not Available,2605.0,14.6,40.0,0.0,12.7
Not Available,5.0,Not Available,939.0,5.7,1.0,5112436.0,1.5
69,4.0,63,1460.0,4.6,34.0,4035854.0,4.3
22,4.0,14,5674.0,9.5,2.0,4128231.0,7.9
80,4.0,65,4729.0,4.1,1.0,4107342.0,3.7
82,3.0,78,3774.0,4.8,16.0,3084348.0,4.5
57,3.0,71,6821.0,6,244.0,3184057.0,4.6
Not Available,3.0,Not Available,4812.0,6.9,1.0,3327674.0,7
91,2.0,77,4444.0,4.1,16.0,2051571.0,3.9
82,3.0,77,7244.0,4.6,1.0,3196224.0,4.3
Not Available,2.0,Not Available,3247.0,4.6,220.0,2095245.0,4.5
45,4.0,12,3534.0,4.6,12.0,4085173.0,8.6
52,4.0,54,2218.0,6.8,21.0,4052265.0,6.3
1,3.0,1,8591.0,12.7,75.0,3242371.0,14.2
53,4.0,45,11882.0,7.8,1.0,4257530.0,8.2
Not Available,2.0,Not Available,3247.0,4.6,1.0,2097312.0,4.5
Not Available,4.0,Not Available,1317.0,10.4,85.0,4030847.0,13.6
58,3.0,86,4965.0,5.5,1.0,3112334.0,2.6
Not Available,2.0,Not Available,3732.0,6.7,39.0,2023653.0,3.5
70,3.0,53,8034.0,5.1,1.0,3225637.0,5.4
Not Available,1.0,Not Available,2134.0,1.1,218.0,1087614.0,0.4
Not Available,1.0,Not Available,200.0,8,1.0,1066494.0,6.1
78,3.0,84,3241.0,3.6,37.0,3073752.0,3.9
88,2.0,76,3216.0,5,2.0,2014692.0,6.4
Not Available,3.0,Not Available,1020.0,6.6,1.0,3022747.0,8.9
67,4.0,54,206.0,7.7,3.0,4002915.0,5.6
60,4.0,78,16039.0,4.2,14.0,4302817.0,4.8
Not Available,1.0,Not Available,1609.0,9.7,1.0,1074157.0,8
Not Available,1.0,Not Available,1086.0,8.6,1.0,1027072.0,6.3
61,5.0,31,6796.0,5.6,44.0,5083311.0,5.9
36,2.0,34,2686.0,9.5,20.0,2005133.0,9.1
79,2.0,72,4633.0,8.8,40.0,2057045.0,7.7
93,4.0,93,417.0,4.5,2.0,4005022.0,4.8
Not Available,2.0,Not Available,2514.0,10.3,56.0,2003268.0,9
Not Available,4.0,Not Available,2675.0,7.1,15.0,4059838.0,8.2
Not Available,1.0,Not Available,1137.0,0.3,1.0,1000000.0,0.5
75,3.0,45,4623.0,4,28.0,3100292.0,5.8
Not Available,2.0,Not Available,2871.0,16.8,77.0,2008640.0,2.1
Not Available,5.0,Not Available,5900.0,7.1,500.0,5158123.0,4.3
Not Available,3.0,Not Available,5518.0,7,4.0,3132091.0,6.2
Not Available,1.0,Not Available,1628.0,19.3,24.0,1051796.0,16.5
35,3.0,71,732.0,5.3,1.0,3011002.0,4.6
Not Available,1.0,Not Available,878.0,7.5,20.0,1086544.0,5.5
45,4.0,40,2284.0,4.1,6.0,4052874.0,4.1
56,2.0,69,3239.0,3.9,41.0,2096486.0,2.5
93,4.0,83,14009.0,3.9,60.0,4293311.0,4.4
72,4.0,24,7410.0,3.1,1.0,4159363.0,3.4
65,4.0,83,404.0,8.1,1.0,4004874.0,6.2
82,1.0,74,1932.0,4.9,10.0,1058671.0,4.6
Not Available,4.0,Not Available,2600.0,6.7,1.0,4307983.0,14.5
28,3.0,83,4685.0,9.8,24.0,3327591.0,3.8
24,3.0,73,1552.0,6.4,43.0,3042263.0,5.3
100,1.0,93,1073.0,0.6,1.0,1083785.0,4.2
Not Available,4.0,Not Available,6517.0,7.5,1.0,4439921.0,7.5
82,3.0,73,6739.0,6.4,77.0,3180747.0,6.9
1,3.0,5,5051.0,15.2,1.0,3256655.0,12.1
Not Available,1.0,Not Available,1111.0,17.5,1.0,1083840.0,4.5
90,3.0,84,2622.0,5.5,28.0,3065733.0,6.1
Not Available,2.0,Not Available,3247.0,4.6,1.0,2097317.0,4.5
84,2.0,79,2696.0,3.8,85.0,2005348.0,3.3
86,2.0,57,3049.0,3.9,37.0,2011538.0,3.8
61,4.0,21,1514.0,3.7,1.0,4037370.0,7.1
14,1.0,Not Available,2116.0,7.3,33.0,1076742.0,Not Available
85,4.0,78,13718.0,4.9,1.0,4291453.0,4.2
61,1.0,Not Available,1967.0,5.3,24.0,1084102.0,Not Available
Not Available,3.0,Not Available,1183.0,13.4,1.0,3337842.0,8.5
67,5.0,62,7898.0,5,1.0,5107854.0,4.7
26,3.0,24,3738.0,11.1,15.0,3083929.0,11.8
Not Available,2.0,Not Available,3222.0,3.3,62.0,2100248.0,2.5
4,2.0,Not Available,4293.0,7.5,31.0,2048831.0,Not Available
70,1.0,65,2160.0,8,18.0,1076751.0,8.5
71,1.0,60,1062.0,3.9,3.0,1026740.0,5.8
Not Available,3.0,Not Available,1498.0,3.5,6.0,3040195.0,3.3
29,4.0,45,18.0,6,1.0,4000019.0,5.3
51,3.0,28,1765.0,5.5,15.0,3049020.0,5.7
Not Available,1.0,Not Available,881.0,8,29.0,1018106.0,5.5
81,1.0,95,423.0,3.3,22.0,1005645.0,2.7
67,3.0,63,5445.0,4.9,1.0,3128909.0,4.4
4,5.0,4,7.0,12.7,12.0,5000064.0,12.4
69,3.0,73,1216.0,5.1,46.0,3030553.0,4.8
Not Available,1.0,Not Available,1637.0,8.3,141.0,1052167.0,9.1
Not Available,4.0,Not Available,15557.0,10.4,4.0,4298231.0,7.9
Not Available,5.0,Not Available,1704.0,11.1,1.0,5000000.0,Not Available
24,2.0,24,2643.0,8.9,1.0,2004558.0,8.1
12,4.0,26,7870.0,7.7,74.0,4529900.0,3.6
Not Available,1.0,Not Available,1966.0,8.9,61.0,1059547.0,11.4
Not Available,4.0,Not Available,6517.0,7.5,1.0,4467567.0,7.5
95,4.0,68,16167.0,5.3,99.0,4303773.0,4.6
Not Available,1.0,Not Available,1730.0,15.3,55.0,1081456.0,2.7
6,2.0,3,4894.0,8.8,1.0,2116222.0,9.4
81,3.0,38,7054.0,5.3,45.0,3189538.0,7.2
89,2.0,87,2335.0,11.1,16.0,2097050.0,11.4
44,4.0,Not Available,10144.0,6.4,47.0,4864928.0,Not Available
3,2.0,11,2359.0,6.5,100.0,2115801.0,6.5
Not Available,1.0,Not Available,991.0,0.7,50.0,1086214.0,0
Not Available,2.0,Not Available,5937.0,3.7,440.0,2101020.0,1.6
Not Available,3.0,Not Available,2451.0,4.1,8.0,3063507.0,4
55,3.0,70,437.0,6.9,1.0,3007326.0,5.9
Not Available,4.0,Not Available,10464.0,7.5,25.0,4222434.0,8.1
37,1.0,Not Available,1330.0,6,13.0,1038593.0,Not Available
Not Available,3.0,Not Available,2929.0,6.8,53.0,3070506.0,6.7
43,4.0,29,6185.0,7,1.0,4438249.0,6.4
,,,,,,,
73,2.0,87,3790.0,5,40.0,2025717.0,3.7
Not Available,1.0,Not Available,2076.0,4.1,41.0,1061917.0,4.9
Not Available,1.0,Not Available,1346.0,17.1,32.0,1039840.0,6.3
Not Available,4.0,Not Available,6517.0,7.5,1.0,4439904.0,7.5
Not Available,1.0,Not Available,981.0,16.4,2.0,1022552.0,5.9
Not Available,1.0,Not Available,962.0,6.9,100.0,1069579.0,6.7
Not Available,3.0,Not Available,5494.0,11.2,89.0,3328495.0,3.6
Not Available,4.0,Not Available,6517.0,7.5,1.0,4439912.0,7.5
62,4.0,58,4647.0,4.8,1.0,4105232.0,4.8
65,3.0,73,7123.0,6.3,66.0,3192661.0,5.2
94,5.0,95,3930.0,4.8,10.0,5055367.0,4.2
94,1.0,24,122.0,3.8,1.0,1079147.0,9
65,2.0,74,2298.0,5.6,1.0,2097030.0,4.5
77,4.0,85,13353.0,5.9,20.0,4285972.0,4.7
98,3.0,100,3289.0,3.7,27.0,3075109.0,3
Not Available,4.0,Not Available,278.0,5.7,1.0,4003534.0,2.5
Not Available,2.0,Not Available,3073.0,13.8,13.0,2012125.0,3.1
66,4.0,24,9919.0,4.2,6.0,4212425.0,3.2
69,3.0,71,1630.0,4.7,1.0,3044493.0,3.9
90,2.0,86,3604.0,5.5,39.0,2022205.0,4.3
Not Available,3.0,Not Available,1294.0,6,1.0,3034075.0,6.6
Not Available,3.0,Not Available,7556.0,0.2,150.0,3327322.0,11.6
Not Available,3.0,Not Available,128.0,7,1.0,3335892.0,4.9
Not Available,3.0,Not Available,4089.0,10.1,25.0,3090717.0,9.9
Not Available,3.0,Not Available,3868.0,7,2.0,3085992.0,5.3
Not Available,5.0,Not Available,4442.0,2,51.0,5121944.0,2.5
87,4.0,86,7723.0,5.3,1.0,4163953.0,4.9
57,2.0,70,2664.0,5.7,29.0,2004773.0,4.3
Not Available,5.0,Not Available,2040.0,11,1.0,5107298.0,10.1
44,1.0,62,2233.0,7.2,20.0,1076776.0,5.6
Not Available,4.0,Not Available,1281.0,5.8,48.0,4029693.0,6.5
Not Available,1.0,Not Available,2109.0,6.3,55.0,1062551.0,5
Not Available,1.0,Not Available,531.0,7.6,49.0,1008526.0,8.5
89,4.0,95,8801.0,6.4,14.0,4180083.0,5.3
72,4.0,56,363.0,3.9,1.0,4004419.0,6
Not Available,4.0,Not Available,898.0,3.4,1.0,4532001.0,3.2
75,2.0,68,3008.0,3.8,1.0,2010916.0,3.7
43,3.0,33,3535.0,5.3,16.0,3081276.0,5.5
85,2.0,82,4205.0,12,1.0,2097551.0,12.5
Not Available,2.0,Not Available,2925.0,10,80.0,2009620.0,9.8
83,2.0,78,2403.0,5.4,1.0,2001736.0,5
88,3.0,100,7239.0,11.8,1.0,3337274.0,5.7
2,4.0,3,13265.0,13.1,30.0,4518258.0,12.4
58,3.0,59,4994.0,5.1,23.0,3113780.0,5.3
97,1.0,77,431.0,2.4,14.0,1005760.0,3.5
Not Available,1.0,Not Available,1949.0,10.4,29.0,1059240.0,5
Not Available,2.0,Not Available,3120.0,36,20.0,2123911.0,32.8
38,3.0,25,7420.0,6.4,26.0,3203132.0,5.3
52,2.0,46,2965.0,5.7,82.0,2010273.0,5.3
Not Available,1.0,98,99999.0,Not Available,9999.0,1000000.0,2.7
96,4.0,86,9724.0,5.3,173.0,4208124.0,4.8
58,3.0,46,755.0,4.8,22.0,3011821.0,5.3
91,2.0,82,3104.0,5.9,7.0,2012887.0,5
Not Available,3.0,Not Available,1006.0,6.7,1.0,3022144.0,3.2
56,2.0,69,3239.0,3.9,41.0,2096486.0,2.5
Not Available,2.0,Not Available,3222.0,3.3,62.0,2096464.0,2.5
78,2.0,58,2435.0,6.2,75.0,2002299.0,5.8
79,3.0,76,3314.0,4,1.0,3075879.0,4
37,4.0,64,4229.0,5.6,14.0,4099925.0,5.5
21,2.0,7,4101.0,6.9,1.0,2044743.0,8.9
Not Available,4.0,Not Available,11884.0,20.1,1.0,4257531.0,14.8
Not Available,2.0,Not Available,3120.0,36,20.0,2123911.0,32.8
Not Available,3.0,Not Available,3559.0,11.7,11.0,3081765.0,10.1
Not Available,3.0,Not Available,2619.0,12.3,3.0,3065579.0,11.7
Not Available,3.0,Not Available,3331.0,5.3,25.0,3076253.0,5.7
Not Available,1.0,Not Available,1229.0,5.8,31.0,1032683.0,6.4
Not Available,1.0,Not Available,1767.0,6.1,62.0,1054360.0,5.9
66,4.0,73,3172.0,4.4,2.0,4075214.0,3.1
19,2.0,41,2615.0,7.2,14.0,2004302.0,5.5
Not Available,4.0,Not Available,12495.0,17.3,45.0,4270044.0,16.7
Not Available,2.0,Not Available,2343.0,9.1,14.0,2820268.0,5.6
Not Available,4.0,Not Available,676.0,20,50.0,4011018.0,7.9
Not Available,3.0,Not Available,6821.0,4.9,142.0,3184035.0,5.8
25,5.0,23,683.0,7.6,1.0,5113169.0,8.2
93,4.0,91,11694.0,4.6,27.0,4253028.0,4.8
Not Available,2.0,Not Available,3272.0,12.8,1.0,2113265.0,3.7
Not Available,3.0,Not Available,1512.0,8.3,1.0,3040990.0,7.7
Not Available,4.0,Not Available,6517.0,7.5,1.0,4467561.0,7.5
79,4.0,59,842.0,4.5,31.0,4017485.0,4.1
89,3.0,81,3636.0,4.3,7.0,3082940.0,4.5
83,4.0,87,10626.0,4.6,1.0,4226839.0,3.9
72,3.0,90,192.0,4.4,13.0,3001190.0,4
Not Available,2.0,Not Available,3247.0,4.6,165.0,2097309.0,4.5
94,5.0,91,955.0,5,1.0,5146639.0,4.9
Not Available,1.0,Not Available,1819.0,10.7,15.0,1089371.0,5.1
Not Available,2.0,Not Available,3222.0,3.3,62.0,2100244.0,2.5
51,3.0,43,1490.0,7.6,1.0,3039906.0,7.4
30,4.0,40,1538.0,5.8,75.0,4467710.0,5
Not Available,1.0,Not Available,34.0,0.5,37.0,1000866.0,8
Not Available,3.0,Not Available,8760.0,10.2,60.0,3347727.0,10.4
8,4.0,17,100.0,6.4,1.0,4000744.0,5.4
87,5.0,47,4373.0,3.4,1.0,5059927.0,5.7
Not Available,2.0,Not Available,3222.0,3.3,40.0,2097307.0,2.5
61,4.0,49,11972.0,5.6,70.0,4259200.0,4.9
Not Available,3.0,Not Available,1036.0,4.9,18.0,3023510.0,2.6
47,3.0,63,4669.0,8.1,37.0,3101840.0,7
Not Available,2.0,Not Available,3120.0,36,20.0,2123911.0,32.8
84,3.0,69,5323.0,4.3,32.0,3124109.0,4.5
84,4.0,93,1497.0,13.3,1.0,4037028.0,10.3
73,5.0,46,73.0,6.1,64.0,5001823.0,4.8
63,2.0,14,2843.0,5.8,40.0,2008098.0,6.1
48,2.0,56,3062.0,5.5,43.0,2099356.0,5.2
Not Available,1.0,Not Available,869.0,26.9,74.0,1017602.0,25.2
48,4.0,13,5865.0,5.9,50.0,4131147.0,5.6
65,1.0,66,779.0,5,75.0,1014306.0,5
77,3.0,84,2227.0,5.1,1.0,3061064.0,4.9
Not Available,1.0,Not Available,2134.0,8.5,218.0,1087614.0,8.3
95,1.0,97,269.0,3.1,41.0,1003223.0,3.4
12,1.0,16,122.0,14.7,1.0,1079146.0,14.7
49,2.0,32,3644.0,6.4,1.0,2103869.0,5.3
84,3.0,68,197.0,3.9,28.0,3335918.0,5
Not Available,1.0,Not Available,16.0,11.8,10.0,1084594.0,12
Not Available,3.0,Not Available,3228.0,4.4,20.0,3073408.0,4.4
87,4.0,96,9679.0,5,67.0,4448758.0,1.4
81,3.0,66,7849.0,4.1,1.0,3218626.0,3.3
62,3.0,68,5416.0,4.9,48.0,3127692.0,4.3
93,4.0,93,810.0,3.5,1.0,4016102.0,3.4
63,1.0,41,1850.0,4.7,2.0,1055890.0,8.5
44,4.0,27,6507.0,5,150.0,4467571.0,5
Not Available,3.0,Not Available,1361.0,4.1,66.0,3036100.0,3.9
91,3.0,89,3212.0,4.4,1.0,3073018.0,4.1
95,3.0,89,1844.0,4.3,1.0,3053020.0,5.4
Not Available,4.0,Not Available,10101.0,1.8,11.0,4215617.0,1.2
Not Available,2.0,Not Available,4974.0,10.3,28.0,2090261.0,9.3
Not Available,3.0,31,35.0,5.9,21.0,3335858.0,3.3
76,5.0,87,331.0,5.9,1.0,5009028.0,4.3
95,2.0,78,3251.0,6.5,201.0,2095215.0,7.1
56,3.0,67,5319.0,4.6,1.0,3124019.0,3.8
Not Available,1.0,Not Available,2.0,16.2,1.0,1085792.0,8.4
98,5.0,98,7315.0,4.7,7.0,5086781.0,4.2
Not Available,2.0,Not Available,3211.0,5.7,5.0,2014579.0,5.7
47,4.0,5,3846.0,6.3,40.0,4094055.0,6.5
80,4.0,82,9280.0,4.7,1.0,4193916.0,3.7
78,1.0,97,1595.0,5,15.0,1051410.0,2.3
85,1.0,65,1926.0,4,17.0,1058470.0,6.2
74,1.0,66,2164.0,7.1,32.0,1063928.0,7
27,1.0,31,1601.0,6.5,1.0,1051434.0,6.4
Not Available,2.0,Not Available,3736.0,4.6,1.0,2023714.0,3.3
93,2.0,51,3069.0,5.6,1.0,2011995.0,4.9
93,3.0,92,2098.0,7.7,13.0,3058752.0,8.2
89,2.0,74,2925.0,5.9,56.0,2009617.0,4.3
63,4.0,84,2864.0,3.9,36.0,4064938.0,2.4
90,2.0,93,2411.0,4.5,119.0,2001881.0,3.5
Not Available,5.0,Not Available,319.0,19.8,1.0,5112428.0,50.7
71,4.0,66,2083.0,6.6,123.0,4050414.0,5.6
2,1.0,52,1734.0,23.3,1.0,1082170.0,15.5
68,3.0,68,1759.0,4.6,13.0,3048818.0,3.8
100,3.0,100,7553.0,1.5,41.0,3205788.0,1.6
Not Available,2.0,Not Available,2605.0,15.5,40.0,0.0,12.7
7,3.0,32,4829.0,25.7,1.0,3327720.0,17.7
88,2.0,93,3222.0,6.5,100.0,2096465.0,2.2
Not Available,3.0,Not Available,239.0,4.6,16.0,3001939.0,5.2
39,2.0,18,2930.0,6.5,75.0,2100071.0,6.9
Not Available,3.0,Not Available,6783.0,7,68.0,3182576.0,6.6
80,3.0,44,3343.0,3.7,1.0,3076460.0,3
64,5.0,67,1987.0,5.6,104.0,5034476.0,4.6
34,4.0,43,6373.0,4.8,1.0,4139491.0,4.4
69,3.0,71,1630.0,4.7,1.0,3044493.0,3.9
90,3.0,83,1034.0,4.9,1.0,3023391.0,5.2
Not Available,4.0,Not Available,10118.0,4.6,34.0,4858182.0,0.9
86,4.0,Not Available,1454.0,5.6,18.0,4035799.0,0
35,2.0,21,2535.0,5.3,10.0,2116205.0,5.3
79,2.0,50,2390.0,4.7,1.0,2001619.0,5.3
79,1.0,82,166.0,6.1,27.0,1001830.0,6.9
Not Available,2.0,Not Available,2824.0,5.7,34.0,2007870.0,6.2
Not Available,3.0,Not Available,1520.0,5.1,51.0,3339185.0,4.7
49,4.0,6,3563.0,4.4,23.0,4085922.0,3.7
Not Available,2.0,Not Available,3247.0,4.6,1.0,2098696.0,4.5
Not Available,1.0,Not Available,1779.0,11.1,1.0,1054511.0,2
Not Available,3.0,Not Available,7918.0,10.4,114.0,3221976.0,10.2
100,4.0,95,7930.0,3.4,2.0,4166101.0,3.5
2,1.0,52,1734.0,23.3,1.0,1082172.0,15.5
83,1.0,74,1632.0,4.4,11.0,1081340.0,4.5
Not Available,1.0,Not Available,387.0,5.4,49.0,1004651.0,5.3
91,1.0,93,1038.0,3.7,14.0,1025092.0,3.4
100,4.0,100,6044.0,3.9,1.0,4134578.0,3.2
47,3.0,35,4477.0,4.3,1.0,3098664.0,4.8
Not Available,4.0,Not Available,9064.0,1.7,31.0,4541381.0,Not Available
Not Available,5.0,Not Available,2040.0,11,1.0,5130987.0,10.1
10,3.0,12,2491.0,18.3,201.0,3336650.0,31
68,2.0,55,2443.0,6.4,94.0,2099027.0,6.7
89,2.0,85,2817.0,4.1,2.0,2007806.0,5
26,1.0,Not Available,1073.0,5.3,14.0,1089418.0,Not Available
Not Available,3.0,Not Available,1353.0,12.7,1.0,3393257.0,17
82,3.0,90,6088.0,5.2,1.0,3154775.0,4.3
72,2.0,72,4358.0,5.4,1.0,2050179.0,4.8
77,4.0,74,9653.0,5.5,1.0,4206522.0,5.5
Not Available,4.0,Not Available,6517.0,7.5,1.0,4442884.0,7.5
82,1.0,74,1215.0,5.2,1.0,1032128.0,5.3
Not Available,1.0,Not Available,777.0,15,37.0,1014252.0,16.4
31,2.0,1,3172.0,5.6,46.0,2013899.0,9.8
Not Available,3.0,Not Available,1498.0,5.7,35.0,3040218.0,6.9
Not Available,2.0,Not Available,2557.0,8.6,1.0,2003692.0,11.5
Not Available,1.0,Not Available,878.0,7.5,20.0,1018015.0,5.5
46,3.0,68,6294.0,5.6,1.0,3163702.0,4.4
94,4.0,92,84.0,4.2,11.0,4441059.0,4.3
Not Available,1.0,Not Available,457.0,2.8,7.0,1006537.0,3.3
Not Available,5.0,Not Available,2040.0,11.1,1.0,5107305.0,10.1
Not Available,1.0,Not Available,1957.0,4.8,200.0,1084081.0,7.6
97,1.0,96,1545.0,3.8,5.0,1049876.0,3.8
91,4.0,92,15974.0,5,3.0,4302397.0,4.6
Not Available,5.0,Not Available,76.0,5.1,200.0,5000000.0,6.3
Not Available,4.0,Not Available,523.0,18.4,12.0,4005787.0,11.2
78,2.0,86,3061.0,6,55.0,2011844.0,4.9
80,3.0,87,1701.0,6.5,1.0,3047996.0,5.5
32,3.0,34,8666.0,7.5,610.0,3244470.0,7.6
69,5.0,43,276.0,4.7,7.0,5007417.0,3.5
69,3.0,52,4530.0,4.7,1.0,3346166.0,4.8
Not Available,4.0,Not Available,10941.0,7.8,206.0,4234212.0,5.6
Not Available,1.0,Not Available,1151.0,15.6,15.0,1086545.0,1.4
Not Available,5.0,Not Available,319.0,15,1.0,5112422.0,7.7
Not Available,3.0,Not Available,1136.0,9.2,11.0,3027813.0,Not Available
24,5.0,Not Available,3168.0,5.6,4.0,5046367.0,Not Available
Not Available,1.0,Not Available,1087.0,8.6,25.0,1027085.0,6.3
97,3.0,98,169.0,4.4,9.0,3000533.0,4
94,4.0,95,9867.0,4.4,2.0,4211027.0,3.7
78,4.0,71,13331.0,3.6,1.0,4285682.0,3.2
46,3.0,18,3704.0,6.4,1.0,3083660.0,8.5
89,3.0,45,3025.0,3.6,1.0,3070825.0,4
100,1.0,55,1373.0,12.2,20.0,1085548.0,22.6
54,1.0,72,1957.0,6.6,10.0,1059407.0,5.3
Not Available,2.0,Not Available,2365.0,9.1,1.0,2001194.0,3.9
12,1.0,Not Available,16.0,7.7,40.0,1087945.0,Not Available
43,2.0,38,2462.0,6.9,39.0,2101266.0,7.7
84,1.0,71,1816.0,3.8,1.0,1084005.0,4.6
67,4.0,56,10926.0,5.3,50.0,4233850.0,5.3
69,3.0,77,7185.0,3.9,20.0,3385667.0,3.4
28,4.0,74,10155.0,6.3,29.0,4216225.0,5.1
84,1.0,71,1816.0,3.8,1.0,1084005.0,4.6
60,4.0,28,12200.0,5.8,52.0,4264631.0,7.7
94,3.0,96,3016.0,4.7,1.0,3325733.0,4.2
Not Available,2.0,Not Available,2450.0,12.7,40.0,2096490.0,11.8
Not Available,3.0,Not Available,8760.0,10.2,60.0,3326938.0,10.4
86,4.0,86,5328.0,4.9,1.0,4438184.0,4.4
41,1.0,53,1684.0,7.9,101.0,1081366.0,6.7
Not Available,3.0,Not Available,2604.0,4,1.0,3065442.0,2
Not Available,1.0,Not Available,150.0,8,25.0,1001647.0,5.6
10,3.0,12,2491.0,18.3,101.0,3336623.0,31
Not Available,2.0,Not Available,2516.0,5,51.0,2003301.0,4.7
36,4.0,14,15820.0,7.3,1.0,4467711.0,6.7
Not Available,4.0,Not Available,2611.0,11.7,447.0,4462340.0,3.7
22,2.0,11,3109.0,6.2,1.0,2012957.0,6.2
97,1.0,94,1442.0,4.1,1.0,1083343.0,5.9
34,3.0,71,6043.0,7.1,1.0,3153416.0,4.4
88,5.0,69,2634.0,4.4,1.0,5107386.0,3.7
8,5.0,1,4630.0,5.5,13.0,5062576.0,6.1
25,5.0,13,5067.0,19.6,500.0,5156492.0,25.5
Not Available,1.0,100,241.0,2.3,13.0,1079600.0,0.7
74,1.0,85,1652.0,4.8,16.0,1052384.0,4.1
68,1.0,62,439.0,7.2,17.0,1005974.0,7.6
Not Available,1.0,Not Available,2233.0,5.9,13.0,1064894.0,5.9
50,3.0,70,862.0,5.6,12.0,3016258.0,4.2
80,1.0,91,453.0,5.3,34.0,1006478.0,3.7
Not Available,1.0,Not Available,1402.0,15.3,29.0,1072190.0,15.8
98,4.0,Not Available,542.0,2.7,8.0,4440035.0,1.1
Not Available,3.0,Not Available,1038.0,13.7,1.0,3023562.0,8.8
Not Available,5.0,Not Available,76.0,5.1,200.0,5000000.0,6.3
58,3.0,23,1821.0,5.3,1.0,3051540.0,6
89,3.0,87,3114.0,4.1,11.0,3071571.0,3.9
35,4.0,22,1260.0,6.1,1.0,4028931.0,5.6
Not Available,3.0,Not Available,2368.0,9.4,12.0,3391565.0,Not Available
Not Available,5.0,Not Available,2610.0,19.6,27.0,5127019.0,18.2
76,3.0,80,140.0,4.1,7501.0,3000259.0,3.8
84,3.0,73,8329.0,5.3,250.0,3235262.0,5.3
56,4.0,77,15597.0,6.5,1.0,4298856.0,4.2
60,3.0,53,1301.0,6.2,1.0,3034356.0,5.8
68,1.0,55,1776.0,4.2,20.0,1054502.0,4.3
15,1.0,21,1819.0,21.7,30.0,1085917.0,19.9
32,4.0,75,9477.0,7.4,1.0,4200233.0,4.5
2,1.0,52,1734.0,23.3,1.0,1082167.0,15.5
Not Available,2.0,Not Available,3273.0,12.8,1.0,2823840.0,3.7
Not Available,4.0,Not Available,6517.0,7.5,1.0,4439902.0,7.5
83,4.0,23,7753.0,5,1.0,4164007.0,4.7
43,4.0,46,10906.0,6,1.0,4438829.0,5
86,3.0,89,8484.0,4.1,1.0,3239388.0,3.5
Not Available,2.0,Not Available,2657.0,5.3,30.0,2004700.0,5
100,4.0,100,3025.0,2.3,38.0,4070411.0,1.3
85,4.0,96,12723.0,3.3,76.0,4274083.0,2.2
Not Available,2.0,Not Available,2527.0,5.6,14.0,2003496.0,5.7
75,3.0,39,2008.0,5.9,1.0,3057521.0,5.7
22,3.0,Not Available,1117.0,17.2,1.0,3339260.0,4.8
55,2.0,32,2827.0,7.4,1.0,2007902.0,7
Not Available,5.0,Not Available,314.0,12.5,70.0,5106733.0,11.4
58,3.0,59,174.0,5.2,18.0,3000602.0,5.1
Not Available,4.0,Not Available,10152.0,2.7,66.0,4462248.0,0.9
Not Available,2.0,Not Available,2605.0,15.5,40.0,0.0,12.7
59,2.0,39,4552.0,5.9,10.0,2054933.0,4.7
98,3.0,95,2207.0,2.1,2.0,3060407.0,2.1
Not Available,4.0,Not Available,9662.0,9.8,20.0,4314908.0,7.3
80,2.0,100,3330.0,6.4,60.0,2017876.0,1.2
Not Available,1.0,Not Available,2014.0,7.1,36.0,1060189.0,7.5
92,1.0,70,1733.0,3.2,17.0,1076433.0,3.2
Not Available,2.0,Not Available,4513.0,6.2,16.0,2053752.0,7.4
Not Available,2.0,Not Available,3120.0,36,20.0,2123911.0,32.8
Not Available,3.0,Not Available,486.0,10.4,18.0,3008207.0,9.1
73,1.0,73,2001.0,5.2,5.0,1059942.0,5.2
95,2.0,73,2616.0,4.2,1.0,2004314.0,3.8
7,3.0,32,4812.0,25.7,1.0,3327674.0,17.7
Not Available,2.0,Not Available,2331.0,0.9,22.0,2000927.0,0.9
65,2.0,48,2576.0,5.1,26.0,2003883.0,6.4
50,2.0,40,3293.0,7,8.0,2016777.0,7.6
Not Available,3.0,Not Available,1287.0,15.1,48.0,3033791.0,6.6
12,3.0,25,5745.0,6.8,29.0,3142008.0,5.9
85,4.0,30,696.0,4.2,14.0,4442503.0,6.3
41,1.0,39,2111.0,6,24.0,1062636.0,5.9
Not Available,2.0,Not Available,2605.0,14.6,40.0,0.0,12.7
Not Available,1.0,Not Available,1957.0,9.6,129.0,1084078.0,7.6
90,4.0,86,9183.0,3.9,1.0,4191497.0,3.9
7,3.0,11,4102.0,7.7,19.0,3397004.0,6.2
77,3.0,57,3693.0,6.2,1.0,3083608.0,5
64,4.0,9,12051.0,7.3,1.0,4440628.0,6.1
Not Available,4.0,Not Available,254.0,16.1,1.0,4003451.0,9.5
52,4.0,18,10215.0,5.8,1.0,4217573.0,5.7
Not Available,3.0,Not Available,1633.0,9.2,39.0,3044596.0,5.9
67,3.0,32,4452.0,5,25.0,3098294.0,8
81,1.0,100,1669.0,17.3,1.0,1083929.0,5.3
Not Available,3.0,Not Available,1538.0,3.9,46.0,3041852.0,4.3
Not Available,5.0,Not Available,5.0,6.3,74.0,5000030.0,6.6
Not Available,3.0,Not Available,337.0,11.8,27.0,3004301.0,11.8
Not Available,3.0,Not Available,1649.0,4.8,1.0,3045367.0,1
60,5.0,57,7.0,8,1.0,5000063.0,7.9
Not Available,3.0,Not Available,2110.0,10.3,3.0,3059182.0,10.6
Not Available,1.0,Not Available,1912.0,6.2,12.0,1057904.0,6.4
79,4.0,61,15894.0,5.6,11.0,4301929.0,5.4
79,3.0,75,4324.0,7.7,1.0,3380772.0,6.6
34,2.0,38,2443.0,4.3,190.0,2001036.0,4.1
Not Available,4.0,Not Available,1749.0,4,7.0,4043525.0,4.2
47,3.0,45,2039.0,5.6,2.0,3332507.0,5.6
75,3.0,50,3990.0,4.9,1.0,3088734.0,6.6
71,1.0,87,2165.0,4.7,26.0,1063947.0,3.3
48,3.0,40,266.0,10.5,20.0,3002557.0,10.1
Not Available,2.0,Not Available,2904.0,1.6,34.0,2009477.0,0.4
35,3.0,22,4650.0,6.4,15.0,3101218.0,6.8
Not Available,2.0,Not Available,2865.0,7.7,49.0,2090448.0,8.1
5,4.0,Not Available,6.0,7.8,8.0,4538588.0,Not Available
82,1.0,62,2042.0,4.5,35.0,1060726.0,4
67,3.0,52,6329.0,4,32.0,3165232.0,5.1
84,3.0,59,4013.0,6,34.0,3089171.0,6.5
92,3.0,93,1164.0,6.2,57.0,3029060.0,5.4
Not Available,2.0,Not Available,2605.0,16.5,40.0,0.0,12.7
Not Available,3.0,Not Available,8698.0,17.5,1.0,3245159.0,24.5
Not Available,5.0,Not Available,3643.0,8,5.0,5052750.0,8.5
Not Available,1.0,Not Available,2186.0,4.1,9.0,1081892.0,6.1
62,3.0,68,5416.0,4.9,48.0,3127692.0,4.3
22,2.0,15,3329.0,6.6,124.0,2017858.0,6.2
Not Available,2.0,Not Available,5900.0,2.7,9999.0,2000000.0,1.8
64,4.0,61,12341.0,5.5,31.0,4267260.0,4.9
Not Available,1.0,Not Available,1909.0,9,9.0,1057819.0,7
Not Available,2.0,Not Available,3247.0,4.6,1.0,2829116.0,4.5
Not Available,2.0,Not Available,3272.0,12.8,1.0,2113265.0,3.7
34,5.0,8,1020.0,9.5,1.0,5106979.0,8.3
Not Available,1.0,Not Available,1957.0,9.6,200.0,1084084.0,7.6
Not Available,2.0,Not Available,3123.0,6.9,61.0,2013151.0,7.3
Not Available,1.0,Not Available,1433.0,4.9,37.0,1044180.0,4.6
23,2.0,18,4341.0,6.2,13.0,2049999.0,5.1
35,4.0,58,1288.0,5.9,1.0,4029892.0,4.6
68,3.0,79,5973.0,6.1,1.0,3150481.0,4.8
Not Available,4.0,Not Available,7490.0,11.5,2.0,4439433.0,11.3
Not Available,4.0,Not Available,1729.0,14.5,27.0,4042887.0,15.8
93,1.0,96,245.0,3.6,7.0,1003143.0,3.2
50,1.0,26,2179.0,5.1,365.0,1064371.0,4.7
Not Available,1.0,Not Available,722.0,10.1,57.0,1012811.0,10
52,3.0,49,4217.0,4.8,1.0,3094749.0,4.6
77,4.0,77,9410.0,4.2,1.0,4197909.0,3.6
57,3.0,72,5702.0,6,1.0,3140612.0,4.3
68,3.0,72,2246.0,5.6,1.0,3061328.0,5.1
37,3.0,18,4844.0,5.7,1.0,3107846.0,5.4
Not Available,3.0,Not Available,4006.0,4.2,37.0,3089020.0,4.1
81,4.0,84,5051.0,4.9,27.0,4114763.0,4.8
51,1.0,68,289.0,6,1.0,1075787.0,5.3
18,4.0,23,11300.0,7.6,1.0,4243743.0,5.5
Not Available,5.0,Not Available,2040.0,11,1.0,5107302.0,10.1
Not Available,5.0,Not Available,1266.0,6.7,64.0,5109138.0,Not Available
100,1.0,100,804.0,1.8,1.0,1015097.0,1.9
80,4.0,82,9280.0,4.7,1.0,4193916.0,3.7
72,5.0,31,5221.0,4.3,1.0,5066295.0,4
89,4.0,74,738.0,5.7,2.0,4013655.0,5.2
Not Available,4.0,Not Available,2573.0,2.6,124.0,4058923.0,5.2
Not Available,1.0,99,2124.0,4.3,43.0,1087469.0,3.1
Not Available,3.0,Not Available,8138.0,13.3,1.0,3256921.0,10
71,1.0,63,167.0,7.2,1.0,1079000.0,8
Not Available,4.0,Not Available,9327.0,11.1,21.0,4195880.0,12.2
85,1.0,94,343.0,4.7,1.0,1004080.0,3.3
Not Available,2.0,Not Available,2939.0,4.5,90.0,2009866.0,5.1
Not Available,4.0,Not Available,9653.0,2.6,1.0,4458616.0,2.8
41,1.0,35,1988.0,7.7,53.0,1059778.0,7.7
9,3.0,16,3597.0,7.9,11.0,3082253.0,6.3
88,3.0,96,3153.0,3.6,11.0,3071915.0,2.6
Not Available,3.0,Not Available,4298.0,3.8,7.0,3096389.0,4.3
93,2.0,72,2903.0,3,23.0,2009466.0,2.8
96,4.0,87,11403.0,4.4,1.0,4245993.0,3.8
91,4.0,81,13057.0,5.2,56.0,4280845.0,5.3
50,3.0,48,4988.0,5.1,66.0,3113388.0,4.8
77,2.0,75,3100.0,3.5,14.0,2098380.0,3.6
93,5.0,81,6025.0,3,30.0,5079499.0,3.2
69,5.0,17,6262.0,4.8,12.0,5107743.0,4
50,4.0,53,16162.0,26.8,120.0,4303723.0,29.7
89,3.0,83,120.0,3.8,20.0,3000216.0,3.9
93,1.0,95,2215.0,4.5,824.0,1082045.0,4.3
53,1.0,58,824.0,3.7,15.0,1080668.0,3.7
43,2.0,10,4675.0,7,20.0,2058396.0,6.6
94,3.0,97,4216.0,3.3,1.0,3094735.0,3
Not Available,5.0,Not Available,185.0,6.8,501.0,5005110.0,6.3
81,2.0,33,2804.0,4.8,31.0,2007603.0,5.5
24,2.0,37,4133.0,7.4,200.0,2045725.0,5.8
48,4.0,44,1954.0,4.4,37.0,4437311.0,3.7
7,3.0,32,4829.0,25.7,2.0,3396539.0,17.7
49,4.0,68,83.0,8.4,1.0,4000698.0,6.7
78,3.0,73,566.0,6.3,1.0,3008585.0,6.2
85,2.0,68,3168.0,4.3,27.0,2013830.0,4.5
53,1.0,55,1219.0,11.8,47.0,1032308.0,11.6
Not Available,3.0,Not Available,1420.0,4.2,51.0,3038317.0,4.6
Not Available,3.0,Not Available,1136.0,11.4,1.0,3027810.0,10.6
96,2.0,82,2642.0,5.4,1.0,2004548.0,6.2
Not Available,4.0,Not Available,11368.0,5.7,20.0,4539787.0,9.6
73,3.0,71,5899.0,6.2,1.0,3146921.0,4.8
Not Available,3.0,Not Available,1355.0,8.4,1.0,3035883.0,8.8
Not Available,2.0,Not Available,2732.0,7.7,1.0,2090437.0,6.9
Not Available,2.0,Not Available,2613.0,7.9,1.0,2004260.0,8.5
Not Available,4.0,Not Available,9121.0,9.2,11.0,4438526.0,8.9
63,2.0,60,4823.0,4.4,1.0,2062883.0,4.1
97,5.0,68,4716.0,2.7,60.0,5063495.0,4
9,2.0,13,2723.0,6.6,33.0,2116211.0,6.8
71,3.0,63,792.0,4.7,26.0,3332126.0,4.5
72,2.0,47,3150.0,6.4,10.0,2013561.0,4.7
Not Available,3.0,Not Available,7073.0,13.7,101.0,3341513.0,13.5
37,4.0,2,7316.0,7.2,18.0,4156949.0,7.8
Not Available,3.0,Not Available,6343.0,7.1,64.0,3165745.0,6.7
Not Available,1.0,Not Available,759.0,10.8,8.0,1013564.0,9.9
69,3.0,78,3622.0,6,23.0,3082726.0,4.1
94,1.0,Not Available,1747.0,10.4,70.0,1088883.0,Not Available
Not Available,1.0,Not Available,1957.0,5.5,1.0,1813294.0,7.6
Not Available,4.0,Not Available,12022.0,4.5,20.0,4260903.0,5.2
74,4.0,72,9677.0,4.9,7.0,4206784.0,4.3
Not Available,3.0,Not Available,8760.0,10.2,60.0,3852586.0,10.4
100,2.0,86,5901.0,1.7,1.0,2085773.0,2.1
Not Available,3.0,Not Available,1224.0,5.7,45.0,3030896.0,5.5
Not Available,3.0,Not Available,3497.0,9.7,2.0,3080735.0,9.7
Not Available,2.0,Not Available,3222.0,3.3,62.0,2116208.0,2.5
23,3.0,Not Available,6399.0,6,26.0,3392297.0,2
83,3.0,93,2787.0,5.4,1.0,3069559.0,3.4
Not Available,1.0,Not Available,2180.0,8.2,108.0,1064415.0,10
Not Available,1.0,Not Available,372.0,9,14.0,1004357.0,11.3
Not Available,4.0,Not Available,10103.0,9.2,16.0,4448849.0,0.9
46,5.0,53,6050.0,5.9,2.0,5079651.0,5.2
82,4.0,86,8717.0,5,1.0,4178127.0,4.7
Not Available,6.0,Not Available,0.0,22.8,0.0,0.0,Not Available
70,3.0,82,3230.0,3.7,27.0,3073462.0,3.6
65,3.0,58,5519.0,5.6,1.0,3132140.0,5.1
Not Available,2.0,Not Available,3247.0,4.6,1.0,2116604.0,4.5
Not Available,2.0,Not Available,3224.0,0.7,1.0,2014903.0,2.5
75,3.0,35,3740.0,5.9,1.0,3083931.0,5.6
Not Available,1.0,Not Available,777.0,15,18.0,1014251.0,16.5
Not Available,3.0,Not Available,8760.0,10.2,60.0,3326939.0,10.4
79,2.0,40,4171.0,4,1.0,2046140.0,4.4
77,3.0,79,2345.0,4.4,1.0,3062337.0,4.3
77,2.0,78,2671.0,5,11.0,2004868.0,5.5
Not Available,3.0,Not Available,8680.0,9.7,32.0,3245028.0,7.7
Not Available,1.0,Not Available,806.0,8.6,66.0,1015173.0,8.9
Not Available,5.0,Not Available,34.0,11.9,1.0,5106487.0,3
96,4.0,94,8929.0,3.5,58.0,4184144.0,3.2
56,4.0,44,752.0,5.4,1.0,4014094.0,6.1
Not Available,1.0,Not Available,1029.0,0,43.0,1024906.0,4.8
Not Available,1.0,Not Available,1920.0,8.6,29.0,1058276.0,7.3
75,4.0,95,11300.0,4.8,1.0,4243743.0,2.6
63,2.0,35,4288.0,5.3,1.0,2048794.0,5
74,4.0,65,3095.0,4.4,50.0,4072457.0,4.3
Not Available,2.0,Not Available,5531.0,8,40.0,2097742.0,3.7
78,3.0,83,7185.0,6.5,20.0,3194998.0,5.7
Not Available,3.0,Not Available,6709.0,6.3,54.0,3179706.0,7.3
7,1.0,Not Available,2226.0,7.2,41.0,1081910.0,Not Available
97,2.0,44,3351.0,4.2,1.0,2018457.0,5.8
93,1.0,95,2215.0,4.5,824.0,1082045.0,4.3
82,1.0,87,1752.0,5,22.0,1054156.0,5.1
48,4.0,24,8401.0,8.5,375.0,4173640.0,6
37,4.0,64,4229.0,5.6,14.0,4099925.0,5.5
89,2.0,62,2925.0,5.1,1.0,2009611.0,3.9
Not Available,2.0,Not Available,2888.0,4.9,21.0,2009316.0,6.1
35,1.0,35,2229.0,10.3,12.0,1064871.0,9.9
Not Available,1.0,Not Available,1009.0,10.2,1.0,1023449.0,9.2
91,3.0,91,1448.0,3.7,1.0,3038939.0,3.3
92,3.0,79,4094.0,7.3,1.0,3090738.0,6.6
Not Available,1.0,Not Available,340.0,8.8,1.0,1081932.0,10.2
78,4.0,78,4370.0,4.7,50.0,4100749.0,4.7
Not Available,2.0,Not Available,2605.0,14.6,40.0,0.0,12.7
59,4.0,40,12672.0,6,1.0,4273142.0,6.9
23,1.0,24,51.0,7.9,15.0,1001035.0,11.2
Not Available,1.0,Not Available,769.0,8.4,55.0,1013994.0,3.7
5,2.0,7,3248.0,15.1,62.0,2115783.0,15.8
Not Available,4.0,Not Available,15560.0,7.6,50.0,4298254.0,1.5
Not Available,3.0,Not Available,7556.0,0,150.0,3327317.0,11.6
93,5.0,68,6566.0,3.5,1.0,5082407.0,2.5
Not Available,3.0,Not Available,5495.0,14.6,1.0,3130960.0,3.2
64,3.0,25,8182.0,7.9,52.0,3229624.0,9.4
93,2.0,23,3115.0,4.8,21.0,2086808.0,6.3
43,4.0,74,2248.0,6.4,100.0,4052713.0,6.1
Not Available,4.0,Not Available,1247.0,2.8,41.0,4028697.0,Not Available
